suite,group,metric,mean,sample_std,count
gmdcsa24_main_v1,masked_bimamba,event_detected_events,29.666666666666668,4.0750534482458765,12
gmdcsa24_main_v1,masked_bimamba,event_event_recall,0.9292650798027142,0.06164102058022072,12
gmdcsa24_main_v1,masked_bimamba,event_false_alarms,25.25,7.863899102284381,12
gmdcsa24_main_v1,masked_bimamba,event_false_alarms_per_hour,198.4538253968311,40.846808688292484,12
gmdcsa24_main_v1,masked_bimamba,event_mean_detection_delay_seconds,0.2700316053416273,0.13509696426040024,12
gmdcsa24_main_v1,masked_bimamba,event_total_events,32.0,4.552721463835969,12
gmdcsa24_main_v1,masked_bimamba,video_accuracy,0.7113050754816459,0.05108381218313547,12
gmdcsa24_main_v1,masked_bimamba,video_auroc,0.8761980951577264,0.05867460979276809,12
gmdcsa24_main_v1,masked_bimamba,video_f1,0.7631639798323331,0.03702736134889326,12
gmdcsa24_main_v1,masked_bimamba,video_fn,1.9166666666666667,2.108783937953269,12
gmdcsa24_main_v1,masked_bimamba,video_fp,17.083333333333332,4.2094770423054895,12
gmdcsa24_main_v1,masked_bimamba,video_precision,0.6416946208532621,0.038364197928551245,12
gmdcsa24_main_v1,masked_bimamba,video_recall,0.943747510951812,0.05398232016612647,12
gmdcsa24_main_v1,masked_bimamba,video_specificity,0.4858560794044665,0.09236758132327497,12
gmdcsa24_main_v1,masked_bimamba,video_tn,15.916666666666666,2.874917653629668,12
gmdcsa24_main_v1,masked_bimamba,video_tp,30.083333333333332,3.6545944516540554,12
gmdcsa24_main_v1,masked_bimamba,window_accuracy,0.8666966958924428,0.02783526698345932,12
gmdcsa24_main_v1,masked_bimamba,window_auroc,0.8635200780704768,0.05018257980589677,12
gmdcsa24_main_v1,masked_bimamba,window_f1,0.639460139611369,0.07279214874451773,12
gmdcsa24_main_v1,masked_bimamba,window_fn,112.83333333333333,50.453999451045114,12
gmdcsa24_main_v1,masked_bimamba,window_fp,156.08333333333334,64.2529919124158,12
gmdcsa24_main_v1,masked_bimamba,window_loss,0.31993494497142067,0.20970902989532025,12
gmdcsa24_main_v1,masked_bimamba,window_precision,0.6047760882449972,0.08556297181409112,12
gmdcsa24_main_v1,masked_bimamba,window_recall,0.6821762980740469,0.07123215482229865,12
gmdcsa24_main_v1,masked_bimamba,window_specificity,0.9061261188717534,0.020557618028395248,12
gmdcsa24_main_v1,masked_bimamba,window_tn,1468.4166666666667,309.3228552627154,12
gmdcsa24_main_v1,masked_bimamba,window_tp,229.91666666666666,40.56074755751233,12
gmdcsa24_main_v1,tcn,event_detected_events,30.25,4.5151260930746595,12
gmdcsa24_main_v1,tcn,event_event_recall,0.9450188401801305,0.04080313719538872,12
gmdcsa24_main_v1,tcn,event_false_alarms,28.5,10.647236090349287,12
gmdcsa24_main_v1,tcn,event_false_alarms_per_hour,219.96376881507913,45.08990251821302,12
gmdcsa24_main_v1,tcn,event_mean_detection_delay_seconds,0.2879458676115195,0.20785039262102778,12
gmdcsa24_main_v1,tcn,event_total_events,32.0,4.552721463835969,12
gmdcsa24_main_v1,tcn,video_accuracy,0.6864885884410502,0.036933055998436146,12
gmdcsa24_main_v1,tcn,video_auroc,0.8786864415836084,0.055905030925012894,12
gmdcsa24_main_v1,tcn,video_f1,0.7485910668160427,0.022318289184550606,12
gmdcsa24_main_v1,tcn,video_fn,1.6666666666666667,1.2309149097933274,12
gmdcsa24_main_v1,tcn,video_fp,18.916666666666668,4.7760450228830615,12
gmdcsa24_main_v1,tcn,video_precision,0.6193572392004085,0.027338614434931855,12
gmdcsa24_main_v1,tcn,video_recall,0.9481052599332169,0.037432985156382166,12
gmdcsa24_main_v1,tcn,video_specificity,0.4330365143369176,0.08279534693681205,12
gmdcsa24_main_v1,tcn,video_tn,14.083333333333334,2.108783937953269,12
gmdcsa24_main_v1,tcn,video_tp,30.333333333333332,4.39696865275764,12
gmdcsa24_main_v1,tcn,window_accuracy,0.8482320903727097,0.02833996649241491,12
gmdcsa24_main_v1,tcn,window_auroc,0.8560930366828869,0.045999893572109374,12
gmdcsa24_main_v1,tcn,window_f1,0.6027873849597978,0.07369889264088146,12
gmdcsa24_main_v1,tcn,window_fn,115.08333333333333,38.44111987143061,12
gmdcsa24_main_v1,tcn,window_fp,189.41666666666666,96.37092954105019,12
gmdcsa24_main_v1,tcn,window_loss,0.1046029258901138,0.04143862794560429,12
gmdcsa24_main_v1,tcn,window_precision,0.5616937876439794,0.1078211812710574,12
gmdcsa24_main_v1,tcn,window_recall,0.6652366363206753,0.07428375460104573,12
gmdcsa24_main_v1,tcn,window_specificity,0.887935542145472,0.034760189795416126,12
gmdcsa24_main_v1,tcn,window_tn,1435.0833333333333,284.0315150034438,12
gmdcsa24_main_v1,tcn,window_tp,227.66666666666666,57.21305212391079,12
gmdcsa24_main_v1,tcnte,event_detected_events,30.833333333333332,4.969604581550699,12
gmdcsa24_main_v1,tcnte,event_event_recall,0.9616303648561713,0.04311022636452909,12
gmdcsa24_main_v1,tcnte,event_false_alarms,29.75,12.351849327861064,12
gmdcsa24_main_v1,tcnte,event_false_alarms_per_hour,228.7296692061671,62.02038659474961,12
gmdcsa24_main_v1,tcnte,event_mean_detection_delay_seconds,0.23964475439506813,0.22951781441186386,12
gmdcsa24_main_v1,tcnte,event_total_events,32.0,4.552721463835969,12
gmdcsa24_main_v1,tcnte,video_accuracy,0.696946995970765,0.05385392452431532,12
gmdcsa24_main_v1,tcnte,video_auroc,0.8856231685850439,0.05861086700617229,12
gmdcsa24_main_v1,tcnte,video_f1,0.7591026036544294,0.030147597258740732,12
gmdcsa24_main_v1,tcnte,video_fn,1.0833333333333333,0.9962049198956219,12
gmdcsa24_main_v1,tcnte,video_fp,18.833333333333332,5.936533015357048,12
gmdcsa24_main_v1,tcnte,video_precision,0.6280081467560127,0.04801959265555742,12
gmdcsa24_main_v1,tcnte,video_recall,0.9647167846092577,0.03512199046306332,12
gmdcsa24_main_v1,tcnte,video_specificity,0.43717474841466775,0.12814484286385533,12
gmdcsa24_main_v1,tcnte,video_tn,14.166666666666666,3.588702812826367,12
gmdcsa24_main_v1,tcnte,video_tp,30.916666666666668,4.832810839052218,12
gmdcsa24_main_v1,tcnte,window_accuracy,0.8541596177514218,0.02731104315653886,12
gmdcsa24_main_v1,tcnte,window_auroc,0.8683776954002881,0.0430531185547101,12
gmdcsa24_main_v1,tcnte,window_f1,0.6254102198045781,0.06753445358995563,12
gmdcsa24_main_v1,tcnte,window_fn,102.16666666666667,45.88688331763294,12
gmdcsa24_main_v1,tcnte,window_fp,188.58333333333334,84.36226896096633,12
gmdcsa24_main_v1,tcnte,window_loss,0.14802037060295656,0.07813417930553634,12
gmdcsa24_main_v1,tcnte,window_precision,0.5742829058787375,0.09876865617076609,12
gmdcsa24_main_v1,tcnte,window_recall,0.7062616431708357,0.09922349583399138,12
gmdcsa24_main_v1,tcnte,window_specificity,0.8872243821407131,0.0338627659834531,12
gmdcsa24_main_v1,tcnte,window_tn,1435.9166666666667,296.22088144838915,12
gmdcsa24_main_v1,tcnte,window_tp,240.58333333333334,59.76995039061828,12
gmdcsa24_main_v1,te,event_detected_events,31.25,4.535215741084631,12
gmdcsa24_main_v1,te,event_event_recall,0.9766642159115277,0.03178467146700511,12
gmdcsa24_main_v1,te,event_false_alarms,28.333333333333332,9.9939375562782,12
gmdcsa24_main_v1,te,event_false_alarms_per_hour,218.91865031539567,44.67840050675311,12
gmdcsa24_main_v1,te,event_mean_detection_delay_seconds,0.19556992574845747,0.15576751131116626,12
gmdcsa24_main_v1,te,event_total_events,32.0,4.552721463835969,12
gmdcsa24_main_v1,te,video_accuracy,0.7091031099944513,0.040819070493951615,12
gmdcsa24_main_v1,te,video_auroc,0.9065578533491259,0.04617629499640822,12
gmdcsa24_main_v1,te,video_f1,0.7685965687439064,0.025717723037325012,12
gmdcsa24_main_v1,te,video_fn,0.6666666666666666,0.9847319278346619,12
gmdcsa24_main_v1,te,video_fp,18.416666666666668,4.621261798043972,12
gmdcsa24_main_v1,te,video_precision,0.6334213388693732,0.0360693665927612,12
gmdcsa24_main_v1,te,video_recall,0.9797506356646142,0.027980443108309137,12
gmdcsa24_main_v1,te,video_specificity,0.4477938895781638,0.08563080027814306,12
gmdcsa24_main_v1,te,video_tn,14.583333333333334,2.0652243256245835,12
gmdcsa24_main_v1,te,video_tp,31.333333333333332,4.417595671307133,12
gmdcsa24_main_v1,te,window_accuracy,0.8662172468723612,0.028506816110298424,12
gmdcsa24_main_v1,te,window_auroc,0.8880663149542795,0.037357077568718734,12
gmdcsa24_main_v1,te,window_f1,0.6581023168313342,0.07663059056317527,12
gmdcsa24_main_v1,te,window_fn,89.0,38.95685258893952,12
gmdcsa24_main_v1,te,window_fp,176.83333333333334,75.62807719759944,12
gmdcsa24_main_v1,te,window_loss,0.09818278651611238,0.04038520026445044,12
gmdcsa24_main_v1,te,window_precision,0.5984866957898196,0.10398623715574631,12
gmdcsa24_main_v1,te,window_recall,0.7452972412201883,0.07927699305261604,12
gmdcsa24_main_v1,te,window_specificity,0.893536799807218,0.031141337904856393,12
gmdcsa24_main_v1,te,window_tn,1447.6666666666667,306.8906625948056,12
gmdcsa24_main_v1,te,window_tp,253.75,57.652761504466625,12
gmdcsa24_main_v1,unimamba,event_detected_events,30.5,3.8494391563163872,12
gmdcsa24_main_v1,unimamba,event_event_recall,0.9551358637380143,0.035249310995619086,12
gmdcsa24_main_v1,unimamba,event_false_alarms,26.833333333333332,6.978321409692283,12
gmdcsa24_main_v1,unimamba,event_false_alarms_per_hour,212.491341624856,40.852532533662284,12
gmdcsa24_main_v1,unimamba,event_mean_detection_delay_seconds,0.2251630693082306,0.1868964481103849,12
gmdcsa24_main_v1,unimamba,event_total_events,32.0,4.552721463835969,12
gmdcsa24_main_v1,unimamba,video_accuracy,0.6995875752242475,0.026519934182598792,12
gmdcsa24_main_v1,unimamba,video_auroc,0.8772525325483315,0.054186313729903166,12
gmdcsa24_main_v1,unimamba,video_f1,0.7592121202642665,0.018954012462156198,12
gmdcsa24_main_v1,unimamba,video_fn,1.25,1.2154310870109943,12
gmdcsa24_main_v1,unimamba,video_fp,18.333333333333332,2.6400183654090306,12
gmdcsa24_main_v1,unimamba,video_precision,0.6268161240302716,0.02051265497963879,12
gmdcsa24_main_v1,unimamba,video_recall,0.9634454553809393,0.030553323596228286,12
gmdcsa24_main_v1,unimamba,video_specificity,0.44438585607940445,0.05031877648720926,12
gmdcsa24_main_v1,unimamba,video_tn,14.666666666666666,2.424621182533032,12
gmdcsa24_main_v1,unimamba,video_tp,30.75,3.744693214767703,12
gmdcsa24_main_v1,unimamba,window_accuracy,0.8573559362672543,0.023819971721756015,12
gmdcsa24_main_v1,unimamba,window_auroc,0.869670469528795,0.044184506399369536,12
gmdcsa24_main_v1,unimamba,window_f1,0.6337874076294596,0.06843123445837733,12
gmdcsa24_main_v1,unimamba,window_fn,100.33333333333333,43.95107472743948,12
gmdcsa24_main_v1,unimamba,window_fp,181.58333333333334,59.69537569014771,12
gmdcsa24_main_v1,unimamba,window_loss,0.1519433131590626,0.07262042257038925,12
gmdcsa24_main_v1,unimamba,window_precision,0.5758555417036902,0.09141211992378227,12
gmdcsa24_main_v1,unimamba,window_recall,0.7155059032201678,0.06774125306179912,12
gmdcsa24_main_v1,unimamba,window_specificity,0.8880975498426207,0.026747360645895474,12
gmdcsa24_main_v1,unimamba,window_tn,1442.9166666666667,328.581097872029,12
gmdcsa24_main_v1,unimamba,window_tp,242.41666666666666,47.50398707349508,12
gmdcsa24_ablations_v1,mask_ratio_005/masked_bimamba,event_detected_events,29.916666666666668,4.399552318822974,12
gmdcsa24_ablations_v1,mask_ratio_005/masked_bimamba,event_event_recall,0.9347256685966363,0.04621330835224541,12
gmdcsa24_ablations_v1,mask_ratio_005/masked_bimamba,event_false_alarms,24.416666666666668,9.039894743286393,12
gmdcsa24_ablations_v1,mask_ratio_005/masked_bimamba,event_false_alarms_per_hour,189.4050970622294,38.43177504676603,12
gmdcsa24_ablations_v1,mask_ratio_005/masked_bimamba,event_mean_detection_delay_seconds,0.27747892131763097,0.16034851475581102,12
gmdcsa24_ablations_v1,mask_ratio_005/masked_bimamba,event_total_events,32.0,4.552721463835969,12
gmdcsa24_ablations_v1,mask_ratio_005/masked_bimamba,video_accuracy,0.7159048192579601,0.07589030353504087,12
gmdcsa24_ablations_v1,mask_ratio_005/masked_bimamba,video_auroc,0.8837919570904625,0.05727872352033144,12
gmdcsa24_ablations_v1,mask_ratio_005/masked_bimamba,video_f1,0.7684675580219588,0.05118497690149453,12
gmdcsa24_ablations_v1,mask_ratio_005/masked_bimamba,video_fn,1.6666666666666667,1.2309149097933274,12
gmdcsa24_ablations_v1,mask_ratio_005/masked_bimamba,video_fp,17.166666666666668,6.235285709475379,12
gmdcsa24_ablations_v1,mask_ratio_005/masked_bimamba,video_precision,0.6467818826125067,0.059222347023288525,12
gmdcsa24_ablations_v1,mask_ratio_005/masked_bimamba,video_recall,0.9492080997457342,0.03614343856698756,12
gmdcsa24_ablations_v1,mask_ratio_005/masked_bimamba,video_specificity,0.4895212985938792,0.13054789664826824,12
gmdcsa24_ablations_v1,mask_ratio_005/masked_bimamba,video_tn,15.833333333333334,3.511884584284246,12
gmdcsa24_ablations_v1,mask_ratio_005/masked_bimamba,video_tp,30.333333333333332,4.052683360964982,12
gmdcsa24_ablations_v1,mask_ratio_005/masked_bimamba,window_accuracy,0.8675959673208021,0.02607351323947849,12
gmdcsa24_ablations_v1,mask_ratio_005/masked_bimamba,window_auroc,0.862757482882393,0.045797276252769074,12
gmdcsa24_ablations_v1,mask_ratio_005/masked_bimamba,window_f1,0.6422723568031609,0.05949755696445779,12
gmdcsa24_ablations_v1,mask_ratio_005/masked_bimamba,window_fn,111.58333333333333,42.66456552591566,12
gmdcsa24_ablations_v1,mask_ratio_005/masked_bimamba,window_fp,155.16666666666666,74.32585911601247,12
gmdcsa24_ablations_v1,mask_ratio_005/masked_bimamba,window_loss,0.3803256218361672,0.20831787737646126,12
gmdcsa24_ablations_v1,mask_ratio_005/masked_bimamba,window_precision,0.6129244027614966,0.09217257371387953,12
gmdcsa24_ablations_v1,mask_ratio_005/masked_bimamba,window_recall,0.6836721431215543,0.05957501754993255,12
gmdcsa24_ablations_v1,mask_ratio_005/masked_bimamba,window_specificity,0.9078932805056905,0.02591630564128153,12
gmdcsa24_ablations_v1,mask_ratio_005/masked_bimamba,window_tn,1469.3333333333333,299.45020327664537,12
gmdcsa24_ablations_v1,mask_ratio_005/masked_bimamba,window_tp,231.16666666666666,43.63241775088654,12
gmdcsa24_ablations_v1,mask_ratio_010/masked_bimamba,event_detected_events,29.75,4.371914496377572,12
gmdcsa24_ablations_v1,mask_ratio_010/masked_bimamba,event_event_recall,0.9299007444168734,0.05033686620853807,12
gmdcsa24_ablations_v1,mask_ratio_010/masked_bimamba,event_false_alarms,25.75,5.92567602587556,12
gmdcsa24_ablations_v1,mask_ratio_010/masked_bimamba,event_false_alarms_per_hour,205.96816064758536,45.506626319933076,12
gmdcsa24_ablations_v1,mask_ratio_010/masked_bimamba,event_mean_detection_delay_seconds,0.2581338199781278,0.17870233761946072,12
gmdcsa24_ablations_v1,mask_ratio_010/masked_bimamba,event_total_events,32.0,4.552721463835969,12
gmdcsa24_ablations_v1,mask_ratio_010/masked_bimamba,video_accuracy,0.7081960829838588,0.036638303608550825,12
gmdcsa24_ablations_v1,mask_ratio_010/masked_bimamba,video_auroc,0.8784839767867346,0.05347784754204115,12
gmdcsa24_ablations_v1,mask_ratio_010/masked_bimamba,video_f1,0.7609382498874445,0.028837826876633884,12
gmdcsa24_ablations_v1,mask_ratio_010/masked_bimamba,video_fn,1.8333333333333333,1.5275252316519468,12
gmdcsa24_ablations_v1,mask_ratio_010/masked_bimamba,video_fp,17.166666666666668,2.9490625115398448,12
gmdcsa24_ablations_v1,mask_ratio_010/masked_bimamba,video_precision,0.6381166519099438,0.03375827151632309,12
gmdcsa24_ablations_v1,mask_ratio_010/masked_bimamba,video_recall,0.9443831755659713,0.04168210536783575,12
gmdcsa24_ablations_v1,mask_ratio_010/masked_bimamba,video_specificity,0.480071770747174,0.06660242516653234,12
gmdcsa24_ablations_v1,mask_ratio_010/masked_bimamba,video_tn,15.833333333333334,2.6911752530120077,12
gmdcsa24_ablations_v1,mask_ratio_010/masked_bimamba,video_tp,30.166666666666668,4.018894767409959,12
gmdcsa24_ablations_v1,mask_ratio_010/masked_bimamba,window_accuracy,0.8596710354021126,0.016927585489264988,12
gmdcsa24_ablations_v1,mask_ratio_010/masked_bimamba,window_auroc,0.8608701406549345,0.0441213604501614,12
gmdcsa24_ablations_v1,mask_ratio_010/masked_bimamba,window_f1,0.626969829091827,0.05852759561421365,12
gmdcsa24_ablations_v1,mask_ratio_010/masked_bimamba,window_fn,111.33333333333333,50.02605381804626,12
gmdcsa24_ablations_v1,mask_ratio_010/masked_bimamba,window_fp,167.41666666666666,44.38562079472735,12
gmdcsa24_ablations_v1,mask_ratio_010/masked_bimamba,window_loss,0.28854633879409974,0.21163875584999314,12
gmdcsa24_ablations_v1,mask_ratio_010/masked_bimamba,window_precision,0.5821481822556938,0.07093578754780748,12
gmdcsa24_ablations_v1,mask_ratio_010/masked_bimamba,window_recall,0.6863195771890709,0.07495730897948852,12
gmdcsa24_ablations_v1,mask_ratio_010/masked_bimamba,window_specificity,0.8968795479721768,0.015826276915358733,12
gmdcsa24_ablations_v1,mask_ratio_010/masked_bimamba,window_tn,1457.0833333333333,328.4535274539911,12
gmdcsa24_ablations_v1,mask_ratio_010/masked_bimamba,window_tp,231.41666666666666,41.3135644318014,12
gmdcsa24_ablations_v1,mask_ratio_020/masked_bimamba,event_detected_events,29.666666666666668,4.185110693297313,12
gmdcsa24_ablations_v1,mask_ratio_020/masked_bimamba,event_event_recall,0.9287136598964556,0.058822226639447646,12
gmdcsa24_ablations_v1,mask_ratio_020/masked_bimamba,event_false_alarms,24.083333333333332,8.151501070169205,12
gmdcsa24_ablations_v1,mask_ratio_020/masked_bimamba,event_false_alarms_per_hour,188.023170153807,43.126630968080995,12
gmdcsa24_ablations_v1,mask_ratio_020/masked_bimamba,event_mean_detection_delay_seconds,0.27770966324784896,0.15973943307788804,12
gmdcsa24_ablations_v1,mask_ratio_020/masked_bimamba,event_total_events,32.0,4.552721463835969,12
gmdcsa24_ablations_v1,mask_ratio_020/masked_bimamba,video_accuracy,0.7137946707131766,0.0543236893632425,12
gmdcsa24_ablations_v1,mask_ratio_020/masked_bimamba,video_auroc,0.8773088939619419,0.058840323498230214,12
gmdcsa24_ablations_v1,mask_ratio_020/masked_bimamba,video_f1,0.7648841616034804,0.0378740246862426,12
gmdcsa24_ablations_v1,mask_ratio_020/masked_bimamba,video_fn,1.9166666666666667,1.9752253419585197,12
gmdcsa24_ablations_v1,mask_ratio_020/masked_bimamba,video_fp,17.0,4.917501213199462,12
gmdcsa24_ablations_v1,mask_ratio_020/masked_bimamba,video_precision,0.6446022072874579,0.042441968948784284,12
gmdcsa24_ablations_v1,mask_ratio_020/masked_bimamba,video_recall,0.9431960910455534,0.050911232579768456,12
gmdcsa24_ablations_v1,mask_ratio_020/masked_bimamba,video_specificity,0.49138535635511443,0.10245564463430505,12
gmdcsa24_ablations_v1,mask_ratio_020/masked_bimamba,video_tn,16.0,2.6285149626910838,12
gmdcsa24_ablations_v1,mask_ratio_020/masked_bimamba,video_tp,30.083333333333332,3.7769235516689394,12
gmdcsa24_ablations_v1,mask_ratio_020/masked_bimamba,window_accuracy,0.862688626528034,0.02609948112915225,12
gmdcsa24_ablations_v1,mask_ratio_020/masked_bimamba,window_auroc,0.8638383228647868,0.05056529299529302,12
gmdcsa24_ablations_v1,mask_ratio_020/masked_bimamba,window_f1,0.6346110696595794,0.06458604200145486,12
gmdcsa24_ablations_v1,mask_ratio_020/masked_bimamba,window_fn,110.66666666666667,49.88410811495223,12
gmdcsa24_ablations_v1,mask_ratio_020/masked_bimamba,window_fp,164.58333333333334,60.26827649365088,12
gmdcsa24_ablations_v1,mask_ratio_020/masked_bimamba,window_loss,0.41790263944274214,0.27890277224615884,12
gmdcsa24_ablations_v1,mask_ratio_020/masked_bimamba,window_precision,0.5930658983892071,0.08162094885361645,12
gmdcsa24_ablations_v1,mask_ratio_020/masked_bimamba,window_recall,0.6884403250779708,0.07362445829357389,12
gmdcsa24_ablations_v1,mask_ratio_020/masked_bimamba,window_specificity,0.9001344943871689,0.021854392123838356,12
gmdcsa24_ablations_v1,mask_ratio_020/masked_bimamba,window_tn,1459.9166666666667,315.6224609858872,12
gmdcsa24_ablations_v1,mask_ratio_020/masked_bimamba,window_tp,232.08333333333334,41.879607390131,12
gmdcsa24_ablations_v1,mask_ratio_030/masked_bimamba,event_detected_events,29.5,4.379705261980329,12
gmdcsa24_ablations_v1,mask_ratio_030/masked_bimamba,event_event_recall,0.9219894004840241,0.053942028428998194,12
gmdcsa24_ablations_v1,mask_ratio_030/masked_bimamba,event_false_alarms,25.083333333333332,8.295215853768125,12
gmdcsa24_ablations_v1,mask_ratio_030/masked_bimamba,event_false_alarms_per_hour,194.43630367310465,34.26337728662965,12
gmdcsa24_ablations_v1,mask_ratio_030/masked_bimamba,event_mean_detection_delay_seconds,0.2860385933447185,0.19095394430598567,12
gmdcsa24_ablations_v1,mask_ratio_030/masked_bimamba,event_total_events,32.0,4.552721463835969,12
gmdcsa24_ablations_v1,mask_ratio_030/masked_bimamba,video_accuracy,0.715904646507363,0.05238474364226125,12
gmdcsa24_ablations_v1,mask_ratio_030/masked_bimamba,video_auroc,0.8663788146259025,0.06454173139163855,12
gmdcsa24_ablations_v1,mask_ratio_030/masked_bimamba,video_f1,0.765113370835397,0.03394595816072579,12
gmdcsa24_ablations_v1,mask_ratio_030/masked_bimamba,video_fn,2.0833333333333335,1.5642792899510294,12
gmdcsa24_ablations_v1,mask_ratio_030/masked_bimamba,video_fp,16.75,5.310795181001189,12
gmdcsa24_ablations_v1,mask_ratio_030/masked_bimamba,video_precision,0.6481777003611641,0.0418205729099216,12
gmdcsa24_ablations_v1,mask_ratio_030/masked_bimamba,video_recall,0.936471831633122,0.04465844709475365,12
gmdcsa24_ablations_v1,mask_ratio_030/masked_bimamba,video_specificity,0.5013785497656466,0.10495905691368415,12
gmdcsa24_ablations_v1,mask_ratio_030/masked_bimamba,video_tn,16.25,2.220769727328383,12
gmdcsa24_ablations_v1,mask_ratio_030/masked_bimamba,video_tp,29.916666666666668,4.010403138505321,12
gmdcsa24_ablations_v1,mask_ratio_030/masked_bimamba,window_accuracy,0.8550439808539618,0.022288594577265876,12
gmdcsa24_ablations_v1,mask_ratio_030/masked_bimamba,window_auroc,0.8535455640194344,0.05034140158534354,12
gmdcsa24_ablations_v1,mask_ratio_030/masked_bimamba,window_f1,0.6148513849998694,0.06274937361371774,12
gmdcsa24_ablations_v1,mask_ratio_030/masked_bimamba,window_fn,116.58333333333333,49.23313432183163,12
gmdcsa24_ablations_v1,mask_ratio_030/masked_bimamba,window_fp,175.66666666666666,67.77949989532681,12
gmdcsa24_ablations_v1,mask_ratio_030/masked_bimamba,window_loss,0.413605339779772,0.2678151728363247,12
gmdcsa24_ablations_v1,mask_ratio_030/masked_bimamba,window_precision,0.5715368846612419,0.07646644214177599,12
gmdcsa24_ablations_v1,mask_ratio_030/masked_bimamba,window_recall,0.6702963547987324,0.06945534112404361,12
gmdcsa24_ablations_v1,mask_ratio_030/masked_bimamba,window_specificity,0.8948502941710195,0.015679566711042602,12
gmdcsa24_ablations_v1,mask_ratio_030/masked_bimamba,window_tn,1448.8333333333333,298.5174985988208,12
gmdcsa24_ablations_v1,mask_ratio_030/masked_bimamba,window_tp,226.16666666666666,40.534683988660944,12
gmdcsa24_ablations_v1,no_bidirectional/masked_bimamba,event_detected_events,29.833333333333332,3.737605780402338,12
gmdcsa24_ablations_v1,no_bidirectional/masked_bimamba,event_event_recall,0.9350396715988114,0.05100603021655095,12
gmdcsa24_ablations_v1,no_bidirectional/masked_bimamba,event_false_alarms,27.666666666666668,7.487363091276265,12
gmdcsa24_ablations_v1,no_bidirectional/masked_bimamba,event_false_alarms_per_hour,216.33177231247495,27.433691661218937,12
gmdcsa24_ablations_v1,no_bidirectional/masked_bimamba,event_mean_detection_delay_seconds,0.28031046437546714,0.17207500643514895,12
gmdcsa24_ablations_v1,no_bidirectional/masked_bimamba,event_total_events,32.0,4.552721463835969,12
gmdcsa24_ablations_v1,no_bidirectional/masked_bimamba,video_accuracy,0.6925156840267197,0.042897951437520315,12
gmdcsa24_ablations_v1,no_bidirectional/masked_bimamba,video_auroc,0.8593677736122922,0.060029984020497,12
gmdcsa24_ablations_v1,no_bidirectional/masked_bimamba,video_f1,0.7518183675943846,0.03298542571286943,12
gmdcsa24_ablations_v1,no_bidirectional/masked_bimamba,video_fn,1.8333333333333333,1.9924098397912438,12
gmdcsa24_ablations_v1,no_bidirectional/masked_bimamba,video_fp,18.416666666666668,3.82475984589724,12
gmdcsa24_ablations_v1,no_bidirectional/masked_bimamba,video_precision,0.6236562450410861,0.02928367410409317,12
gmdcsa24_ablations_v1,no_bidirectional/masked_bimamba,video_recall,0.947385350611157,0.04938889455255895,12
gmdcsa24_ablations_v1,no_bidirectional/masked_bimamba,video_specificity,0.44611464364488557,0.061782806311074745,12
gmdcsa24_ablations_v1,no_bidirectional/masked_bimamba,video_tn,14.583333333333334,1.5050420310248864,12
gmdcsa24_ablations_v1,no_bidirectional/masked_bimamba,video_tp,30.166666666666668,3.2427074359478554,12
gmdcsa24_ablations_v1,no_bidirectional/masked_bimamba,window_accuracy,0.8556223715156467,0.02305470563798331,12
gmdcsa24_ablations_v1,no_bidirectional/masked_bimamba,window_auroc,0.8583842050422015,0.040522136421225104,12
gmdcsa24_ablations_v1,no_bidirectional/masked_bimamba,window_f1,0.623625910304743,0.05775176907326617,12
gmdcsa24_ablations_v1,no_bidirectional/masked_bimamba,window_fn,109.91666666666667,50.06442818705682,12
gmdcsa24_ablations_v1,no_bidirectional/masked_bimamba,window_fp,177.83333333333334,53.38510744551983,12
gmdcsa24_ablations_v1,no_bidirectional/masked_bimamba,window_loss,0.28496876544518046,0.1841390868749749,12
gmdcsa24_ablations_v1,no_bidirectional/masked_bimamba,window_precision,0.5712610303917316,0.06587468431796245,12
gmdcsa24_ablations_v1,no_bidirectional/masked_bimamba,window_recall,0.6919120401856779,0.07190003937819282,12
gmdcsa24_ablations_v1,no_bidirectional/masked_bimamba,window_specificity,0.8909651168715602,0.017355644409972507,12
gmdcsa24_ablations_v1,no_bidirectional/masked_bimamba,window_tn,1446.6666666666667,320.73164464827585,12
gmdcsa24_ablations_v1,no_bidirectional/masked_bimamba,window_tp,232.83333333333334,39.401968878663304,12
gmdcsa24_ablations_v1,no_confidence_input/masked_bimamba,event_detected_events,30.25,4.769696007084728,12
gmdcsa24_ablations_v1,no_confidence_input/masked_bimamba,event_event_recall,0.9438240970499034,0.04722769191056959,12
gmdcsa24_ablations_v1,no_confidence_input/masked_bimamba,event_false_alarms,28.25,8.378815277504657,12
gmdcsa24_ablations_v1,no_confidence_input/masked_bimamba,event_false_alarms_per_hour,221.9737693473753,39.02965013859871,12
gmdcsa24_ablations_v1,no_confidence_input/masked_bimamba,event_mean_detection_delay_seconds,0.2237532001546728,0.1737917439758954,12
gmdcsa24_ablations_v1,no_confidence_input/masked_bimamba,event_total_events,32.0,4.552721463835969,12
gmdcsa24_ablations_v1,no_confidence_input/masked_bimamba,video_accuracy,0.6934447367384549,0.057136100227686705,12
gmdcsa24_ablations_v1,no_confidence_input/masked_bimamba,video_auroc,0.8809820023825561,0.05396175681155834,12
gmdcsa24_ablations_v1,no_confidence_input/masked_bimamba,video_f1,0.7535857950360783,0.03982894338226598,12
gmdcsa24_ablations_v1,no_confidence_input/masked_bimamba,video_fn,1.5833333333333333,1.164500152881315,12
gmdcsa24_ablations_v1,no_confidence_input/masked_bimamba,video_fp,18.5,4.96350316171589,12
gmdcsa24_ablations_v1,no_confidence_input/masked_bimamba,video_precision,0.625381302552867,0.044564802390953034,12
gmdcsa24_ablations_v1,no_confidence_input/masked_bimamba,video_recall,0.9499969365560763,0.038065979785321453,12
gmdcsa24_ablations_v1,no_confidence_input/masked_bimamba,video_specificity,0.44494330714088776,0.09901896002145445,12
gmdcsa24_ablations_v1,no_confidence_input/masked_bimamba,video_tn,14.5,2.8762349126466136,12
gmdcsa24_ablations_v1,no_confidence_input/masked_bimamba,video_tp,30.416666666666668,4.52183255959016,12
gmdcsa24_ablations_v1,no_confidence_input/masked_bimamba,window_accuracy,0.8612094079968597,0.02290273994833043,12
gmdcsa24_ablations_v1,no_confidence_input/masked_bimamba,window_auroc,0.8743680053617446,0.03479561589139429,12
gmdcsa24_ablations_v1,no_confidence_input/masked_bimamba,window_f1,0.6428518296037031,0.051333023661918366,12
gmdcsa24_ablations_v1,no_confidence_input/masked_bimamba,window_fn,98.91666666666667,45.44818894948267,12
gmdcsa24_ablations_v1,no_confidence_input/masked_bimamba,window_fp,174.5,48.515227225349285,12
gmdcsa24_ablations_v1,no_confidence_input/masked_bimamba,window_loss,0.3168394329223242,0.15437626593755663,12
gmdcsa24_ablations_v1,no_confidence_input/masked_bimamba,window_precision,0.5853560073206526,0.06662360169625231,12
gmdcsa24_ablations_v1,no_confidence_input/masked_bimamba,window_recall,0.7216525142588716,0.07315607984997993,12
gmdcsa24_ablations_v1,no_confidence_input/masked_bimamba,window_specificity,0.8916772923167583,0.023251542247679648,12
gmdcsa24_ablations_v1,no_confidence_input/masked_bimamba,window_tn,1450.0,335.6808549256814,12
gmdcsa24_ablations_v1,no_confidence_input/masked_bimamba,window_tp,243.83333333333334,46.55560377037594,12
gmdcsa24_ablations_v1,no_confidence_or_quality/masked_bimamba,event_detected_events,30.0,4.651490474714921,12
gmdcsa24_ablations_v1,no_confidence_or_quality/masked_bimamba,event_event_recall,0.9364641730233128,0.05108854148388863,12
gmdcsa24_ablations_v1,no_confidence_or_quality/masked_bimamba,event_false_alarms,26.833333333333332,7.7557407867666095,12
gmdcsa24_ablations_v1,no_confidence_or_quality/masked_bimamba,event_false_alarms_per_hour,210.32496410788133,33.90124331455991,12
gmdcsa24_ablations_v1,no_confidence_or_quality/masked_bimamba,event_mean_detection_delay_seconds,0.2447508159832844,0.1598196963396863,12
gmdcsa24_ablations_v1,no_confidence_or_quality/masked_bimamba,event_total_events,32.0,4.552721463835969,12
gmdcsa24_ablations_v1,no_confidence_or_quality/masked_bimamba,video_accuracy,0.7030705727649701,0.04584523101041837,12
gmdcsa24_ablations_v1,no_confidence_or_quality/masked_bimamba,video_auroc,0.8775262392428839,0.06174156373628886,12
gmdcsa24_ablations_v1,no_confidence_or_quality/masked_bimamba,video_f1,0.757478991393396,0.034190805275823646,12
gmdcsa24_ablations_v1,no_confidence_or_quality/masked_bimamba,video_fn,1.8333333333333333,1.403458930534474,12
gmdcsa24_ablations_v1,no_confidence_or_quality/masked_bimamba,video_fp,17.666666666666668,4.478906793025064,12
gmdcsa24_ablations_v1,no_confidence_or_quality/masked_bimamba,video_precision,0.633692754197537,0.03408132818769403,12
gmdcsa24_ablations_v1,no_confidence_or_quality/masked_bimamba,video_recall,0.9426370125294856,0.0439058829848747,12
gmdcsa24_ablations_v1,no_confidence_or_quality/masked_bimamba,video_specificity,0.47070280190239866,0.0767264381220369,12
gmdcsa24_ablations_v1,no_confidence_or_quality/masked_bimamba,video_tn,15.333333333333334,1.8257418583505538,12
gmdcsa24_ablations_v1,no_confidence_or_quality/masked_bimamba,video_tp,30.166666666666668,4.40729422937049,12
gmdcsa24_ablations_v1,no_confidence_or_quality/masked_bimamba,window_accuracy,0.864002537380847,0.021499389757742605,12
gmdcsa24_ablations_v1,no_confidence_or_quality/masked_bimamba,window_auroc,0.8731190302141012,0.0440488196106989,12
gmdcsa24_ablations_v1,no_confidence_or_quality/masked_bimamba,window_f1,0.6389990810588724,0.05939245941672627,12
gmdcsa24_ablations_v1,no_confidence_or_quality/masked_bimamba,window_fn,106.5,46.841124122835794,12
gmdcsa24_ablations_v1,no_confidence_or_quality/masked_bimamba,window_fp,163.25,53.54203955771577,12
gmdcsa24_ablations_v1,no_confidence_or_quality/masked_bimamba,window_loss,0.3411551440889942,0.18796063577677033,12
gmdcsa24_ablations_v1,no_confidence_or_quality/masked_bimamba,window_precision,0.5956251648818303,0.07678321642823226,12
gmdcsa24_ablations_v1,no_confidence_or_quality/masked_bimamba,window_recall,0.6976545794569871,0.07649299072555583,12
gmdcsa24_ablations_v1,no_confidence_or_quality/masked_bimamba,window_specificity,0.8995972368395657,0.02427035675476254,12
gmdcsa24_ablations_v1,no_confidence_or_quality/masked_bimamba,window_tn,1461.25,330.14710908375923,12
gmdcsa24_ablations_v1,no_confidence_or_quality/masked_bimamba,window_tp,236.25,47.192304842671504,12
gmdcsa24_ablations_v1,no_frame_masking/masked_bimamba,event_detected_events,30.083333333333332,4.420167280531223,12
gmdcsa24_ablations_v1,no_frame_masking/masked_bimamba,event_event_recall,0.9401020126826578,0.0517747187961771,12
gmdcsa24_ablations_v1,no_frame_masking/masked_bimamba,event_false_alarms,24.25,9.677762701631556,12
gmdcsa24_ablations_v1,no_frame_masking/masked_bimamba,event_false_alarms_per_hour,187.85005551712555,49.918855011012354,12
gmdcsa24_ablations_v1,no_frame_masking/masked_bimamba,event_mean_detection_delay_seconds,0.25140952232537084,0.19621818706601377,12
gmdcsa24_ablations_v1,no_frame_masking/masked_bimamba,event_total_events,32.0,4.552721463835969,12
gmdcsa24_ablations_v1,no_frame_masking/masked_bimamba,video_accuracy,0.7188099660510526,0.05672323125173145,12
gmdcsa24_ablations_v1,no_frame_masking/masked_bimamba,video_auroc,0.8835368400638007,0.04947546220332719,12
gmdcsa24_ablations_v1,no_frame_masking/masked_bimamba,video_f1,0.7705637158705614,0.03593682343013961,12
gmdcsa24_ablations_v1,no_frame_masking/masked_bimamba,video_fn,1.5,1.381698559415515,12
gmdcsa24_ablations_v1,no_frame_masking/masked_bimamba,video_fp,17.083333333333332,5.36755121639338,12
gmdcsa24_ablations_v1,no_frame_masking/masked_bimamba,video_precision,0.6475288143570125,0.04503893682081092,12
gmdcsa24_ablations_v1,no_frame_masking/masked_bimamba,video_recall,0.9545844438317557,0.0410050960088756,12
gmdcsa24_ablations_v1,no_frame_masking/masked_bimamba,video_specificity,0.48972161910669976,0.11209589445879224,12
gmdcsa24_ablations_v1,no_frame_masking/masked_bimamba,video_tn,15.916666666666666,3.0289011909011534,12
gmdcsa24_ablations_v1,no_frame_masking/masked_bimamba,video_tp,30.5,4.0564202758769285,12
gmdcsa24_ablations_v1,no_frame_masking/masked_bimamba,window_accuracy,0.8689470742199894,0.022941940573193657,12
gmdcsa24_ablations_v1,no_frame_masking/masked_bimamba,window_auroc,0.8682439486791015,0.04557867541994779,12
gmdcsa24_ablations_v1,no_frame_masking/masked_bimamba,window_f1,0.6515868221903784,0.05909418080202891,12
gmdcsa24_ablations_v1,no_frame_masking/masked_bimamba,window_fn,103.0,49.193495504995376,12
gmdcsa24_ablations_v1,no_frame_masking/masked_bimamba,window_fp,158.75,55.70559789072941,12
gmdcsa24_ablations_v1,no_frame_masking/masked_bimamba,window_loss,0.3276641084049287,0.17534875196581873,12
gmdcsa24_ablations_v1,no_frame_masking/masked_bimamba,window_precision,0.6080748641760407,0.07457978580480118,12
gmdcsa24_ablations_v1,no_frame_masking/masked_bimamba,window_recall,0.7101647454447081,0.0847817663148968,12
gmdcsa24_ablations_v1,no_frame_masking/masked_bimamba,window_specificity,0.9034392790594864,0.020999100801600296,12
gmdcsa24_ablations_v1,no_frame_masking/masked_bimamba,window_tn,1465.75,319.9676475122844,12
gmdcsa24_ablations_v1,no_frame_masking/masked_bimamba,window_tp,239.75,45.6650353612636,12
gmdcsa24_ablations_v1,no_quality_pooling/masked_bimamba,event_detected_events,29.833333333333332,3.9733963794062617,12
gmdcsa24_ablations_v1,no_quality_pooling/masked_bimamba,event_event_recall,0.9350396715988114,0.06274007878328111,12
gmdcsa24_ablations_v1,no_quality_pooling/masked_bimamba,event_false_alarms,24.166666666666668,9.330627313348554,12
gmdcsa24_ablations_v1,no_quality_pooling/masked_bimamba,event_false_alarms_per_hour,189.19275206796115,56.28358558186221,12
gmdcsa24_ablations_v1,no_quality_pooling/masked_bimamba,event_mean_detection_delay_seconds,0.26711521371423497,0.1453110268354331,12
gmdcsa24_ablations_v1,no_quality_pooling/masked_bimamba,event_total_events,32.0,4.552721463835969,12
gmdcsa24_ablations_v1,no_quality_pooling/masked_bimamba,video_accuracy,0.7240424952649062,0.06259354784426509,12
gmdcsa24_ablations_v1,no_quality_pooling/masked_bimamba,video_auroc,0.8817247204176663,0.06022985997394067,12
gmdcsa24_ablations_v1,no_quality_pooling/masked_bimamba,video_f1,0.7728547653904676,0.04396573136675848,12
gmdcsa24_ablations_v1,no_quality_pooling/masked_bimamba,video_fn,1.75,2.179449471770337,12
gmdcsa24_ablations_v1,no_quality_pooling/masked_bimamba,video_fp,16.5,4.908249086070214,12
gmdcsa24_ablations_v1,no_quality_pooling/masked_bimamba,video_precision,0.6529833596698116,0.047151201607598274,12
gmdcsa24_ablations_v1,no_quality_pooling/masked_bimamba,video_recall,0.9495221027479092,0.055836680424749124,12
gmdcsa24_ablations_v1,no_quality_pooling/masked_bimamba,video_specificity,0.5050734939343811,0.11289836898359047,12
gmdcsa24_ablations_v1,no_quality_pooling/masked_bimamba,video_tn,16.5,3.3166247903554,12
gmdcsa24_ablations_v1,no_quality_pooling/masked_bimamba,video_tp,30.25,3.545163158189171,12
gmdcsa24_ablations_v1,no_quality_pooling/masked_bimamba,window_accuracy,0.860166307498756,0.040945497552717945,12
gmdcsa24_ablations_v1,no_quality_pooling/masked_bimamba,window_auroc,0.8641647050502977,0.051510597764078445,12
gmdcsa24_ablations_v1,no_quality_pooling/masked_bimamba,window_f1,0.6354355826187029,0.07800763253982988,12
gmdcsa24_ablations_v1,no_quality_pooling/masked_bimamba,window_fn,109.08333333333333,51.6358901493443,12
gmdcsa24_ablations_v1,no_quality_pooling/masked_bimamba,window_fp,170.33333333333334,74.34848330461739,12
gmdcsa24_ablations_v1,no_quality_pooling/masked_bimamba,window_loss,0.29819711403606614,0.14882335579634928,12
gmdcsa24_ablations_v1,no_quality_pooling/masked_bimamba,window_precision,0.590808586296113,0.09370675567514121,12
gmdcsa24_ablations_v1,no_quality_pooling/masked_bimamba,window_recall,0.6934166526042217,0.07774257649974381,12
gmdcsa24_ablations_v1,no_quality_pooling/masked_bimamba,window_specificity,0.89506780930786,0.043179285355598986,12
gmdcsa24_ablations_v1,no_quality_pooling/masked_bimamba,window_tn,1454.1666666666667,328.1279776199672,12
gmdcsa24_ablations_v1,no_quality_pooling/masked_bimamba,window_tp,233.66666666666666,41.91405347598677,12
gmdcsa24_ablations_v1,no_temporal_attention/masked_bimamba,event_detected_events,30.333333333333332,4.271115105265163,12
gmdcsa24_ablations_v1,no_temporal_attention/masked_bimamba,event_event_recall,0.9482584321293999,0.03203093423486722,12
gmdcsa24_ablations_v1,no_temporal_attention/masked_bimamba,event_false_alarms,29.833333333333332,8.12217316792107,12
gmdcsa24_ablations_v1,no_temporal_attention/masked_bimamba,event_false_alarms_per_hour,234.99059769365428,46.47565738063934,12
gmdcsa24_ablations_v1,no_temporal_attention/masked_bimamba,event_mean_detection_delay_seconds,0.1934344944022363,0.14524271910661432,12
gmdcsa24_ablations_v1,no_temporal_attention/masked_bimamba,event_total_events,32.0,4.552721463835969,12
gmdcsa24_ablations_v1,no_temporal_attention/masked_bimamba,video_accuracy,0.6799396133012432,0.030746982468725922,12
gmdcsa24_ablations_v1,no_temporal_attention/masked_bimamba,video_auroc,0.8556506780311695,0.04013058246878226,12
gmdcsa24_ablations_v1,no_temporal_attention/masked_bimamba,video_f1,0.7458693176295916,0.01786426591678785,12
gmdcsa24_ablations_v1,no_temporal_attention/masked_bimamba,video_fn,1.5,1.087114613009218,12
gmdcsa24_ablations_v1,no_temporal_attention/masked_bimamba,video_fp,19.333333333333332,3.2286595398465945,12
gmdcsa24_ablations_v1,no_temporal_attention/masked_bimamba,video_precision,0.6129088646391578,0.024970677824798747,12
gmdcsa24_ablations_v1,no_temporal_attention/masked_bimamba,video_recall,0.9544312716355727,0.030545801145952296,12
gmdcsa24_ablations_v1,no_temporal_attention/masked_bimamba,video_specificity,0.4144424627791563,0.074309226829385,12
gmdcsa24_ablations_v1,no_temporal_attention/masked_bimamba,video_tn,13.666666666666666,2.70801280154532,12
gmdcsa24_ablations_v1,no_temporal_attention/masked_bimamba,video_tp,30.5,4.0564202758769285,12
gmdcsa24_ablations_v1,no_temporal_attention/masked_bimamba,window_accuracy,0.8539357681248276,0.022328953814186897,12
gmdcsa24_ablations_v1,no_temporal_attention/masked_bimamba,window_auroc,0.8472345538422454,0.04470649853756313,12
gmdcsa24_ablations_v1,no_temporal_attention/masked_bimamba,window_f1,0.6230322893343392,0.06379246581278829,12
gmdcsa24_ablations_v1,no_temporal_attention/masked_bimamba,window_fn,104.66666666666667,38.23214576370217,12
gmdcsa24_ablations_v1,no_temporal_attention/masked_bimamba,window_fp,184.75,66.48051662637025,12
gmdcsa24_ablations_v1,no_temporal_attention/masked_bimamba,window_loss,0.2649408126621021,0.13126157706981043,12
gmdcsa24_ablations_v1,no_temporal_attention/masked_bimamba,window_precision,0.5685913327154335,0.0879669122476008,12
gmdcsa24_ablations_v1,no_temporal_attention/masked_bimamba,window_recall,0.6990793769375003,0.06471516253190922,12
gmdcsa24_ablations_v1,no_temporal_attention/masked_bimamba,window_specificity,0.8874831960069814,0.025294914076023592,12
gmdcsa24_ablations_v1,no_temporal_attention/masked_bimamba,window_tn,1439.75,314.32384140043735,12
gmdcsa24_ablations_v1,no_temporal_attention/masked_bimamba,window_tp,238.08333333333334,52.72994376724642,12
tcnte_reproduction,tcn,event_detected_events,42.666666666666664,0.5773502691896257,3
tcnte_reproduction,tcn,event_event_recall,0.9846723044397463,0.013276804108964563,3
tcnte_reproduction,tcn,event_false_alarms,64.66666666666667,11.239810200058244,3
tcnte_reproduction,tcn,event_false_alarms_per_hour,255.60590567590555,48.81574612922635,3
tcnte_reproduction,tcn,event_mean_detection_delay_seconds,-0.08541897379106687,0.14022860709462312,3
tcnte_reproduction,tcn,event_total_events,43.333333333333336,0.5773502691896257,3
tcnte_reproduction,tcn,video_accuracy,0.7261078042328042,0.035131107713868216,3
tcnte_reproduction,tcn,video_auroc,0.959963002114165,0.016240907432412632,3
tcnte_reproduction,tcn,video_f1,0.8324852814951825,0.01691898103494587,3
tcnte_reproduction,tcn,video_fn,0.3333333333333333,0.5773502691896257,3
tcnte_reproduction,tcn,video_fp,17.0,2.6457513110645907,3
tcnte_reproduction,tcn,video_precision,0.7176174615986467,0.03234593232113119,3
tcnte_reproduction,tcn,video_recall,0.9924242424242424,0.013121597027036937,3
tcnte_reproduction,tcn,video_specificity,0.15,0.1322875655532295,3
tcnte_reproduction,tcn,video_tn,3.0,2.6457513110645907,3
tcnte_reproduction,tcn,video_tp,43.0,0.0,3
tcnte_reproduction,tcn,window_accuracy,0.9127723145926204,0.02107337002217645,3
tcnte_reproduction,tcn,window_auroc,0.937725622074563,0.017742519172635994,3
tcnte_reproduction,tcn,window_f1,0.680590683472462,0.05476468922231834,3
tcnte_reproduction,tcn,window_fn,59.666666666666664,9.29157324317757,3
tcnte_reproduction,tcn,window_fp,303.6666666666667,59.87765303795176,3
tcnte_reproduction,tcn,window_loss,0.2763655515164214,0.11061473061628702,3
tcnte_reproduction,tcn,window_precision,0.56199803926739,0.0642614154614627,3
tcnte_reproduction,tcn,window_recall,0.8652322551949939,0.02851634953591911,3
tcnte_reproduction,tcn,window_specificity,0.918146062011664,0.02186147069864775,3
tcnte_reproduction,tcn,window_tn,3467.0,437.79789857878484,3
tcnte_reproduction,tcn,window_tp,386.3333333333333,33.6501609703926,3
tcnte_reproduction,tcnte,event_detected_events,42.0,0.0,3
tcnte_reproduction,tcnte,event_event_recall,0.9693446088794926,0.012816443607803485,3
tcnte_reproduction,tcnte,event_false_alarms,30.0,4.58257569495584,3
tcnte_reproduction,tcnte,event_false_alarms_per_hour,118.40859759425106,19.726030109592088,3
tcnte_reproduction,tcnte,event_mean_detection_delay_seconds,0.13809523809523822,0.08137146424111946,3
tcnte_reproduction,tcnte,event_total_events,43.333333333333336,0.5773502691896257,3
tcnte_reproduction,tcnte,video_accuracy,0.8103505291005291,0.03299388011705301,3
tcnte_reproduction,tcnte,video_auroc,0.9565274841437632,0.0037008266438638077,3
tcnte_reproduction,tcnte,video_f1,0.8768424036281179,0.01935496939463285,3
tcnte_reproduction,tcnte,video_fn,0.6666666666666666,0.5773502691896257,3
tcnte_reproduction,tcnte,video_fp,11.333333333333334,2.0816659994661326,3
tcnte_reproduction,tcnte,video_precision,0.7907925407925408,0.032583835853213367,3
tcnte_reproduction,tcnte,video_recall,0.9846723044397463,0.013276804108964563,3
tcnte_reproduction,tcnte,video_specificity,0.43333333333333335,0.10408329997330666,3
tcnte_reproduction,tcnte,video_tn,8.666666666666666,2.0816659994661326,3
tcnte_reproduction,tcnte,video_tp,42.666666666666664,0.5773502691896257,3
tcnte_reproduction,tcnte,window_accuracy,0.9448403474898067,0.010368132727702284,3
tcnte_reproduction,tcnte,window_auroc,0.9241894350430115,0.017402169965559548,3
tcnte_reproduction,tcnte,window_f1,0.752772429446312,0.01074828368382286,3
tcnte_reproduction,tcnte,window_fn,96.0,4.358898943540674,3
tcnte_reproduction,tcnte,window_fp,134.66666666666666,35.23256069793017,3
tcnte_reproduction,tcnte,window_loss,0.48712316598722993,0.15556206503905015,3
tcnte_reproduction,tcnte,window_precision,0.7255849944325022,0.039689420739170485,3
tcnte_reproduction,tcnte,window_recall,0.7839220974991818,0.022261082797957667,3
tcnte_reproduction,tcnte,window_specificity,0.9637725969604966,0.011452950298471997,3
tcnte_reproduction,tcnte,window_tn,3636.0,410.362035281043,3
tcnte_reproduction,tcnte,window_tp,350.0,29.546573405388315,3
tcnte_reproduction,te,event_detected_events,42.0,1.0,3
tcnte_reproduction,te,event_event_recall,0.969168428470754,0.013581898430026782,3
tcnte_reproduction,te,event_false_alarms,40.333333333333336,7.023769168568492,3
tcnte_reproduction,te,event_false_alarms_per_hour,158.10338546135742,20.23649618966261,3
tcnte_reproduction,te,event_mean_detection_delay_seconds,0.08362999576839629,0.03139601901243331,3
tcnte_reproduction,te,event_total_events,43.333333333333336,0.5773502691896257,3
tcnte_reproduction,te,video_accuracy,0.7684358465608465,0.008301433732658538,3
tcnte_reproduction,te,video_auroc,0.9665169133192388,0.010742624802013103,3
tcnte_reproduction,te,video_f1,0.8533233323332333,0.005973597610891139,3
tcnte_reproduction,te,video_fn,0.6666666666666666,0.5773502691896257,3
tcnte_reproduction,te,video_fp,14.0,0.0,3
tcnte_reproduction,te,video_precision,0.7529239766081871,0.0025322380227615245,3
tcnte_reproduction,te,video_recall,0.9846723044397463,0.013276804108964563,3
tcnte_reproduction,te,video_specificity,0.3,0.0,3
tcnte_reproduction,te,video_tn,6.0,0.0,3
tcnte_reproduction,te,video_tp,42.666666666666664,0.5773502691896257,3
tcnte_reproduction,te,window_accuracy,0.9444683855432215,0.012671697232796417,3
tcnte_reproduction,te,window_auroc,0.9432323724787223,0.009255309598468918,3
tcnte_reproduction,te,window_f1,0.7656934528610516,0.03201240387415318,3
tcnte_reproduction,te,window_fn,68.33333333333333,8.144527815247077,3
tcnte_reproduction,te,window_fp,162.66666666666666,25.106440076867397,3
tcnte_reproduction,te,window_loss,0.36248108248716876,0.08995209358928602,3
tcnte_reproduction,te,window_precision,0.6992745805554452,0.039316461569174226,3
tcnte_reproduction,te,window_recall,0.8463668548670877,0.02121770350236319,3
tcnte_reproduction,te,window_specificity,0.9560928031545105,0.011186225630554209,3
tcnte_reproduction,te,window_tn,3608.0,420.87884242380255,3
tcnte_reproduction,te,window_tp,377.6666666666667,27.42869543622761,3
main,masked_bimamba,event_detected_events,43.666666666666664,19.495143140295383,12
main,masked_bimamba,event_event_recall,0.9794372294372294,0.03516832460865837,12
main,masked_bimamba,event_false_alarms,36.666666666666664,29.62595095008715,12
main,masked_bimamba,event_false_alarms_per_hour,144.40528395892156,59.70721419685422,12
main,masked_bimamba,event_mean_detection_delay_seconds,0.2315595068267437,0.20836688890903632,12
main,masked_bimamba,event_total_events,45.0,20.7977271485481,12
main,masked_bimamba,video_accuracy,0.7843775741802057,0.0814823943189853,12
main,masked_bimamba,video_auroc,0.957936955319645,0.04563890667654122,12
main,masked_bimamba,video_f1,0.8355157502910541,0.0774191435244759,12
main,masked_bimamba,video_fn,1.0833333333333333,2.0207259421636903,12
main,masked_bimamba,video_fp,14.666666666666666,8.216760402686178,12
main,masked_bimamba,video_precision,0.7361762444401602,0.12071467387330696,12
main,masked_bimamba,video_recall,0.9833453583453583,0.03074097795247792,12
main,masked_bimamba,video_specificity,0.4644073796435116,0.17196426636018533,12
main,masked_bimamba,video_tn,12.833333333333334,8.266397845091497,12
main,masked_bimamba,video_tp,43.916666666666664,19.727499649581606,12
main,masked_bimamba,window_accuracy,0.9253818322690316,0.033762336843619484,12
main,masked_bimamba,window_auroc,0.919223696339842,0.03175435693472425,12
main,masked_bimamba,window_f1,0.7349666044360545,0.11816866433320394,12
main,masked_bimamba,window_fn,116.25,77.10927900772325,12
main,masked_bimamba,window_fp,199.0,266.013328442563,12
main,masked_bimamba,window_loss,0.21895503911841147,0.16015871234417325,12
main,masked_bimamba,window_precision,0.7279693414426075,0.18768974383579212,12
main,masked_bimamba,window_recall,0.7767430448882062,0.07854914674257696,12
main,masked_bimamba,window_specificity,0.9504402007838791,0.039600787298352355,12
main,masked_bimamba,window_tn,3271.25,1828.7189815924053,12
main,masked_bimamba,window_tp,372.5,156.85111643616926,12
main,tcn,event_detected_events,44.0,20.00454493813389,12
main,tcn,event_event_recall,0.9815836940836941,0.023081035054399707,12
main,tcn,event_false_alarms,37.166666666666664,27.35568192045911,12
main,tcn,event_false_alarms_per_hour,159.87066326227279,66.14312758320683,12
main,tcn,event_mean_detection_delay_seconds,0.3726017748506546,0.07846612240939972,12
main,tcn,event_total_events,45.0,20.7977271485481,12
main,tcn,video_accuracy,0.7694297296270981,0.08919366998080491,12
main,tcn,video_auroc,0.9563446473816188,0.03236533456496227,12
main,tcn,video_f1,0.8257950341243697,0.08115892538772089,12
main,tcn,video_fn,0.75,1.1381803659589922,12
main,tcn,video_fp,15.083333333333334,6.229815892994436,12
main,tcn,video_precision,0.7196330950043955,0.12608395482488252,12
main,tcn,video_recall,0.9854316979316979,0.02086922388807143,12
main,tcn,video_specificity,0.4360194902548726,0.1495250113228623,12
main,tcn,video_tn,12.416666666666666,8.815877549608828,12
main,tcn,video_tp,44.25,20.2624821238214,12
main,tcn,window_accuracy,0.9084020339702144,0.028244385594616395,12
main,tcn,window_auroc,0.9147195489403457,0.022785727677721117,12
main,tcn,window_f1,0.687287876470322,0.08450135669874709,12
main,tcn,window_fn,131.41666666666666,60.38431213084365,12
main,tcn,window_fp,221.91666666666666,207.8519833191326,12
main,tcn,window_loss,0.07375303287149226,0.032211267250033114,12
main,tcn,window_precision,0.6576069223551105,0.13847837073133248,12
main,tcn,window_recall,0.7352950588837686,0.02062308219327453,12
main,tcn,window_specificity,0.9375009141267528,0.02815076285828412,12
main,tcn,window_tn,3248.3333333333335,1824.5024892647675,12
main,tcn,window_tp,357.3333333333333,153.34117239513708,12
main,tcnte,event_detected_events,43.666666666666664,19.855538880685767,12
main,tcnte,event_event_recall,0.9735088985088985,0.023040437674564818,12
main,tcnte,event_false_alarms,36.0,25.305407255439228,12
main,tcnte,event_false_alarms_per_hour,154.75930724768853,66.19212239027712,12
main,tcnte,event_mean_detection_delay_seconds,0.2972328053863429,0.1142031714961545,12
main,tcnte,event_total_events,45.0,20.7977271485481,12
main,tcnte,video_accuracy,0.7505283824362772,0.08705603385942853,12
main,tcnte,video_auroc,0.9520080883971116,0.03041793193957772,12
main,tcnte,video_f1,0.8122050389009932,0.0883204600214201,12
main,tcnte,video_fn,0.9166666666666666,1.164500152881315,12
main,tcnte,video_fp,16.5,7.7400963113575605,12
main,tcnte,video_precision,0.7045352669463986,0.13540452653322388,12
main,tcnte,video_recall,0.9798821548821549,0.023146587825405334,12
main,tcnte,video_specificity,0.4021176911544228,0.11767649432947437,12
main,tcnte,video_tn,11.0,6.424385361474456,12
main,tcnte,video_tp,44.083333333333336,20.30879045381506,12
main,tcnte,window_accuracy,0.9145454900114325,0.03583537442187588,12
main,tcnte,window_auroc,0.9196605249799393,0.027418282021299596,12
main,tcnte,window_f1,0.7084227400281979,0.10039232009596535,12
main,tcnte,window_fn,126.0,67.54661689933445,12
main,tcnte,window_fp,216.41666666666666,266.8848775760588,12
main,tcnte,window_loss,0.11236043388401042,0.06591265222692141,12
main,tcnte,window_precision,0.6906938549666956,0.16690288976518086,12
main,tcnte,window_recall,0.7519654591227172,0.04361172946694755,12
main,tcnte,window_specificity,0.9436796595851604,0.04070500666541286,12
main,tcnte,window_tn,3253.8333333333335,1810.7751646655906,12
main,tcnte,window_tp,362.75,149.7028116575698,12
main,te,event_detected_events,44.166666666666664,20.003787520155157,12
main,te,event_event_recall,0.9868927368927369,0.018926870251593612,12
main,te,event_false_alarms,46.083333333333336,28.202057737088275,12
main,te,event_false_alarms_per_hour,191.97285162724782,44.91095624408383,12
main,te,event_mean_detection_delay_seconds,0.193773799500928,0.08112612709611959,12
main,te,event_total_events,45.0,20.7977271485481,12
main,te,video_accuracy,0.7510481477586741,0.08412096294437874,12
main,te,video_auroc,0.9488958906896612,0.059453219459364555,12
main,te,video_f1,0.8153184936314748,0.08293950866127717,12
main,te,video_fn,0.5833333333333334,0.9962049198956219,12
main,te,video_fp,17.166666666666668,8.133358171844835,12
main,te,video_precision,0.7026443093090102,0.12794661711922511,12
main,te,video_recall,0.9908008658008658,0.015786692992093135,12
main,te,video_specificity,0.375616358487423,0.1546099773650058,12
main,te,video_tn,10.333333333333334,7.240458716424148,12
main,te,video_tp,44.416666666666664,20.25051439675875,12
main,te,window_accuracy,0.9229720025668141,0.023201877396974914,12
main,te,window_auroc,0.9429279908687396,0.02024288499299584,12
main,te,window_f1,0.7395065768137078,0.08601867112331518,12
main,te,window_fn,92.41666666666667,50.91964852648343,12
main,te,window_fp,213.0,178.71714574102336,12
main,te,window_loss,0.06514462645933695,0.026752397332886313,12
main,te,window_precision,0.679258239901865,0.1234472491180922,12
main,te,window_recall,0.8229684033111453,0.04201133086889155,12
main,te,window_specificity,0.9390413552462745,0.02264848057151195,12
main,te,window_tn,3257.25,1841.2182787491547,12
main,te,window_tp,396.3333333333333,163.8964935746357,12
main,unimamba,event_detected_events,44.333333333333336,20.132891827388665,12
main,unimamba,event_event_recall,0.9895983645983646,0.012276921075232051,12
main,unimamba,event_false_alarms,37.0,22.08248997817872,12
main,unimamba,event_false_alarms_per_hour,150.73700909952117,37.301100617200625,12
main,unimamba,event_mean_detection_delay_seconds,0.2037444575519668,0.16114640314924739,12
main,unimamba,event_total_events,45.0,20.7977271485481,12
main,unimamba,video_accuracy,0.7645047934521618,0.09530056421124301,12
main,unimamba,video_auroc,0.9628132027166684,0.03554550828946572,12
main,unimamba,video_f1,0.8223363899658106,0.09202387350967234,12
main,unimamba,video_fn,0.4166666666666667,0.6685579234215214,12
main,unimamba,video_fp,16.333333333333332,8.32666399786453,12
main,unimamba,video_precision,0.7123878062811773,0.13825706941860647,12
main,unimamba,video_recall,0.9935064935064934,0.010500703302522707,12
main,unimamba,video_specificity,0.42191404297851076,0.1272462235045034,12
main,unimamba,video_tn,11.166666666666666,5.702205846437983,12
main,unimamba,video_tp,44.583333333333336,20.384746228194228,12
main,unimamba,window_accuracy,0.9291799586594485,0.015777621979034696,12
main,unimamba,window_auroc,0.9371265287417783,0.02236127508008522,12
main,unimamba,window_f1,0.7433103238197708,0.10021636462564867,12
main,unimamba,window_fn,100.16666666666667,58.15157831569201,12
main,unimamba,window_fp,188.16666666666666,158.52664435260394,12
main,unimamba,window_loss,0.11475566240643921,0.07538489329112902,12
main,unimamba,window_precision,0.6984894559096831,0.15629330329303667,12
main,unimamba,window_recall,0.8100326420890938,0.048959719779591064,12
main,unimamba,window_specificity,0.9491563461370276,0.020088259826101417,12
main,unimamba,window_tn,3282.0833333333335,1838.837995648998,12
main,unimamba,window_tp,388.5833333333333,158.39505176691102,12
gmdcsa24_robustness_v1,masked_bimamba/clean/0.0,detected_events,29.666666666666668,4.0750534482458765,12
gmdcsa24_robustness_v1,masked_bimamba/clean/0.0,event_recall,0.9292650798027142,0.06164102058022072,12
gmdcsa24_robustness_v1,masked_bimamba/clean/0.0,false_alarms,25.25,7.863899102284381,12
gmdcsa24_robustness_v1,masked_bimamba/clean/0.0,false_alarms_per_hour,198.4538253968311,40.846808688292484,12
gmdcsa24_robustness_v1,masked_bimamba/clean/0.0,mean_detection_delay_seconds,0.2700316053416273,0.13509696426040024,12
gmdcsa24_robustness_v1,masked_bimamba/clean/0.0,severity,0.0,0.0,12
gmdcsa24_robustness_v1,masked_bimamba/clean/0.0,total_events,32.0,4.552721463835969,12
gmdcsa24_robustness_v1,masked_bimamba/clean/0.0,video_accuracy,0.7113050754816459,0.05108381218313547,12
gmdcsa24_robustness_v1,masked_bimamba/clean/0.0,video_auroc,0.8761980951577264,0.05867460979276809,12
gmdcsa24_robustness_v1,masked_bimamba/clean/0.0,video_f1,0.7631639798323331,0.03702736134889326,12
gmdcsa24_robustness_v1,masked_bimamba/clean/0.0,video_fn,1.9166666666666667,2.108783937953269,12
gmdcsa24_robustness_v1,masked_bimamba/clean/0.0,video_fp,17.083333333333332,4.2094770423054895,12
gmdcsa24_robustness_v1,masked_bimamba/clean/0.0,video_precision,0.6416946208532621,0.038364197928551245,12
gmdcsa24_robustness_v1,masked_bimamba/clean/0.0,video_recall,0.943747510951812,0.05398232016612647,12
gmdcsa24_robustness_v1,masked_bimamba/clean/0.0,video_specificity,0.4858560794044665,0.09236758132327497,12
gmdcsa24_robustness_v1,masked_bimamba/clean/0.0,video_tn,15.916666666666666,2.874917653629668,12
gmdcsa24_robustness_v1,masked_bimamba/clean/0.0,video_tp,30.083333333333332,3.6545944516540554,12
gmdcsa24_robustness_v1,masked_bimamba/clean/0.0,window_accuracy,0.8666966958924428,0.02783526698345932,12
gmdcsa24_robustness_v1,masked_bimamba/clean/0.0,window_auroc,0.8635200780704768,0.050182579805896764,12
gmdcsa24_robustness_v1,masked_bimamba/clean/0.0,window_f1,0.639460139611369,0.07279214874451773,12
gmdcsa24_robustness_v1,masked_bimamba/clean/0.0,window_fn,112.83333333333333,50.453999451045114,12
gmdcsa24_robustness_v1,masked_bimamba/clean/0.0,window_fp,156.08333333333334,64.2529919124158,12
gmdcsa24_robustness_v1,masked_bimamba/clean/0.0,window_loss,0.20342848484404347,0.12606027980600434,12
gmdcsa24_robustness_v1,masked_bimamba/clean/0.0,window_precision,0.6047760882449972,0.08556297181409112,12
gmdcsa24_robustness_v1,masked_bimamba/clean/0.0,window_recall,0.6821762980740469,0.07123215482229865,12
gmdcsa24_robustness_v1,masked_bimamba/clean/0.0,window_specificity,0.9061261188717534,0.020557618028395248,12
gmdcsa24_robustness_v1,masked_bimamba/clean/0.0,window_tn,1468.4166666666667,309.3228552627154,12
gmdcsa24_robustness_v1,masked_bimamba/clean/0.0,window_tp,229.91666666666666,40.56074755751233,12
gmdcsa24_robustness_v1,masked_bimamba/random_joint_drop/0.1,detected_events,30.833333333333332,5.424411712272809,12
gmdcsa24_robustness_v1,masked_bimamba/random_joint_drop/0.1,event_recall,0.9609257727537297,0.0651646409320887,12
gmdcsa24_robustness_v1,masked_bimamba/random_joint_drop/0.1,false_alarms,56.5,23.56229653878879,12
gmdcsa24_robustness_v1,masked_bimamba/random_joint_drop/0.1,false_alarms_per_hour,439.110363347019,160.30933109449506,12
gmdcsa24_robustness_v1,masked_bimamba/random_joint_drop/0.1,mean_detection_delay_seconds,-0.1746205106438553,0.5207390609724225,12
gmdcsa24_robustness_v1,masked_bimamba/random_joint_drop/0.1,severity,0.1,0.0,12
gmdcsa24_robustness_v1,masked_bimamba/random_joint_drop/0.1,total_events,32.0,4.552721463835969,12
gmdcsa24_robustness_v1,masked_bimamba/random_joint_drop/0.1,video_accuracy,0.539729700595575,0.08651641535493927,12
gmdcsa24_robustness_v1,masked_bimamba/random_joint_drop/0.1,video_auroc,0.7507571050883778,0.10657357832192821,12
gmdcsa24_robustness_v1,masked_bimamba/random_joint_drop/0.1,video_f1,0.6777311015978915,0.03306092657643306,12
gmdcsa24_robustness_v1,masked_bimamba/random_joint_drop/0.1,video_fn,0.8333333333333334,1.9924098397912438,12
gmdcsa24_robustness_v1,masked_bimamba/random_joint_drop/0.1,video_fp,29.333333333333332,9.058730929915408,12
gmdcsa24_robustness_v1,masked_bimamba/random_joint_drop/0.1,video_precision,0.5258184326406732,0.06356143658638119,12
gmdcsa24_robustness_v1,masked_bimamba/random_joint_drop/0.1,video_recall,0.9723217841497411,0.06437081280254317,12
gmdcsa24_robustness_v1,masked_bimamba/random_joint_drop/0.1,video_specificity,0.12043010752688171,0.22651798707742313,12
gmdcsa24_robustness_v1,masked_bimamba/random_joint_drop/0.1,video_tn,3.6666666666666665,6.932575716182699,12
gmdcsa24_robustness_v1,masked_bimamba/random_joint_drop/0.1,video_tp,31.166666666666668,5.288638479769341,12
gmdcsa24_robustness_v1,masked_bimamba/random_joint_drop/0.1,window_accuracy,0.6484360587570251,0.13735775781422507,12
gmdcsa24_robustness_v1,masked_bimamba/random_joint_drop/0.1,window_auroc,0.7818438101697415,0.06827428160117821,12
gmdcsa24_robustness_v1,masked_bimamba/random_joint_drop/0.1,window_f1,0.43206396714978706,0.05556498494054429,12
gmdcsa24_robustness_v1,masked_bimamba/random_joint_drop/0.1,window_fn,87.0,60.249481325568276,12
gmdcsa24_robustness_v1,masked_bimamba/random_joint_drop/0.1,window_fp,627.5833333333334,400.34904278717346,12
gmdcsa24_robustness_v1,masked_bimamba/random_joint_drop/0.1,window_loss,0.31376701838511906,0.20354880631839187,12
gmdcsa24_robustness_v1,masked_bimamba/random_joint_drop/0.1,window_precision,0.3408976852532716,0.12978241155460127,12
gmdcsa24_robustness_v1,masked_bimamba/random_joint_drop/0.1,window_recall,0.7368104918502122,0.18018759550513944,12
gmdcsa24_robustness_v1,masked_bimamba/random_joint_drop/0.1,window_specificity,0.6299813840155797,0.19764152042965474,12
gmdcsa24_robustness_v1,masked_bimamba/random_joint_drop/0.1,window_tn,996.9166666666666,293.3649475043711,12
gmdcsa24_robustness_v1,masked_bimamba/random_joint_drop/0.1,window_tp,255.75,94.90389876079908,12
gmdcsa24_robustness_v1,masked_bimamba/random_joint_drop/0.2,detected_events,31.083333333333332,5.501377238033355,12
gmdcsa24_robustness_v1,masked_bimamba/random_joint_drop/0.2,event_recall,0.9692353643966547,0.07513530304581219,12
gmdcsa24_robustness_v1,masked_bimamba/random_joint_drop/0.2,false_alarms,54.166666666666664,19.09704086231607,12
gmdcsa24_robustness_v1,masked_bimamba/random_joint_drop/0.2,false_alarms_per_hour,429.33094743807237,146.83690076282775,12
gmdcsa24_robustness_v1,masked_bimamba/random_joint_drop/0.2,mean_detection_delay_seconds,-0.4429222124991176,0.8151949946449775,12
gmdcsa24_robustness_v1,masked_bimamba/random_joint_drop/0.2,severity,0.2,0.0,12
gmdcsa24_robustness_v1,masked_bimamba/random_joint_drop/0.2,total_events,32.0,4.552721463835969,12
gmdcsa24_robustness_v1,masked_bimamba/random_joint_drop/0.2,video_accuracy,0.5236478292505458,0.06331537183749876,12
gmdcsa24_robustness_v1,masked_bimamba/random_joint_drop/0.2,video_auroc,0.6731165220963119,0.12132247269524839,12
gmdcsa24_robustness_v1,masked_bimamba/random_joint_drop/0.2,video_f1,0.6685878464685181,0.018151243149479145,12
gmdcsa24_robustness_v1,masked_bimamba/random_joint_drop/0.2,video_fn,0.8333333333333334,2.2896340848319503,12
gmdcsa24_robustness_v1,masked_bimamba/random_joint_drop/0.2,video_fp,30.25,8.02411139232025,12
gmdcsa24_robustness_v1,masked_bimamba/random_joint_drop/0.2,video_precision,0.5148801207221816,0.05386095635130334,12
gmdcsa24_robustness_v1,masked_bimamba/random_joint_drop/0.2,video_recall,0.9723217841497411,0.07394578795431826,12
gmdcsa24_robustness_v1,masked_bimamba/random_joint_drop/0.2,video_specificity,0.08987455197132617,0.195498193559952,12
gmdcsa24_robustness_v1,masked_bimamba/random_joint_drop/0.2,video_tn,2.75,6.032111043106189,12
gmdcsa24_robustness_v1,masked_bimamba/random_joint_drop/0.2,video_tp,31.166666666666668,5.407626488804884,12
gmdcsa24_robustness_v1,masked_bimamba/random_joint_drop/0.2,window_accuracy,0.5412941804017309,0.1729919777461643,12
gmdcsa24_robustness_v1,masked_bimamba/random_joint_drop/0.2,window_auroc,0.7431792171066472,0.07566790875217407,12
gmdcsa24_robustness_v1,masked_bimamba/random_joint_drop/0.2,window_f1,0.3773747069527281,0.04855996133908273,12
gmdcsa24_robustness_v1,masked_bimamba/random_joint_drop/0.2,window_fn,71.83333333333333,70.02834923778867,12
gmdcsa24_robustness_v1,masked_bimamba/random_joint_drop/0.2,window_fp,867.4166666666666,526.6821463969833,12
gmdcsa24_robustness_v1,masked_bimamba/random_joint_drop/0.2,window_loss,0.3754760089128894,0.2315233779212543,12
gmdcsa24_robustness_v1,masked_bimamba/random_joint_drop/0.2,window_precision,0.2787561615605425,0.09779088406210983,12
gmdcsa24_robustness_v1,masked_bimamba/random_joint_drop/0.2,window_recall,0.7769869016074543,0.20957447067439136,12
gmdcsa24_robustness_v1,masked_bimamba/random_joint_drop/0.2,window_specificity,0.4911180815992517,0.251511497767963,12
gmdcsa24_robustness_v1,masked_bimamba/random_joint_drop/0.2,window_tn,757.0833333333334,324.12215944366443,12
gmdcsa24_robustness_v1,masked_bimamba/random_joint_drop/0.2,window_tp,270.9166666666667,109.63282382847785,12
gmdcsa24_robustness_v1,masked_bimamba/random_joint_drop/0.3,detected_events,31.583333333333332,4.870287154747343,12
gmdcsa24_robustness_v1,masked_bimamba/random_joint_drop/0.3,event_recall,0.9865591397849462,0.04656050557980852,12
gmdcsa24_robustness_v1,masked_bimamba/random_joint_drop/0.3,false_alarms,48.666666666666664,13.891353316710974,12
gmdcsa24_robustness_v1,masked_bimamba/random_joint_drop/0.3,false_alarms_per_hour,390.3942148870299,121.72348261852575,12
gmdcsa24_robustness_v1,masked_bimamba/random_joint_drop/0.3,mean_detection_delay_seconds,-0.701177128327666,0.7014064150575211,12
gmdcsa24_robustness_v1,masked_bimamba/random_joint_drop/0.3,severity,0.3,0.0,12
gmdcsa24_robustness_v1,masked_bimamba/random_joint_drop/0.3,total_events,32.0,4.552721463835969,12
gmdcsa24_robustness_v1,masked_bimamba/random_joint_drop/0.3,video_accuracy,0.5082733716010456,0.03855403930221905,12
gmdcsa24_robustness_v1,masked_bimamba/random_joint_drop/0.3,video_auroc,0.6400053969285795,0.10972243387333319,12
gmdcsa24_robustness_v1,masked_bimamba/random_joint_drop/0.3,video_f1,0.6637836159112754,0.013202493635609382,12
gmdcsa24_robustness_v1,masked_bimamba/random_joint_drop/0.3,video_fn,0.4166666666666667,1.4433756729740643,12
gmdcsa24_robustness_v1,masked_bimamba/random_joint_drop/0.3,video_fp,31.583333333333332,5.743903223629751,12
gmdcsa24_robustness_v1,masked_bimamba/random_joint_drop/0.3,video_precision,0.5015156711044448,0.0246148494553809,12
gmdcsa24_robustness_v1,masked_bimamba/random_joint_drop/0.3,video_recall,0.9865591397849462,0.04656050557980852,12
gmdcsa24_robustness_v1,masked_bimamba/random_joint_drop/0.3,video_specificity,0.04623655913978495,0.11291858574473185,12
gmdcsa24_robustness_v1,masked_bimamba/random_joint_drop/0.3,video_tn,1.4166666666666667,3.476108935769035,12
gmdcsa24_robustness_v1,masked_bimamba/random_joint_drop/0.3,video_tp,31.583333333333332,4.870287154747343,12
gmdcsa24_robustness_v1,masked_bimamba/random_joint_drop/0.3,window_accuracy,0.4408302884456789,0.17537622345343118,12
gmdcsa24_robustness_v1,masked_bimamba/random_joint_drop/0.3,window_auroc,0.7119867554382561,0.06785514297888373,12
gmdcsa24_robustness_v1,masked_bimamba/random_joint_drop/0.3,window_f1,0.34991501553116533,0.03895204185974129,12
gmdcsa24_robustness_v1,masked_bimamba/random_joint_drop/0.3,window_fn,51.666666666666664,61.88013829292494,12
gmdcsa24_robustness_v1,masked_bimamba/random_joint_drop/0.3,window_fp,1075.6666666666667,523.3405519671998,12
gmdcsa24_robustness_v1,masked_bimamba/random_joint_drop/0.3,window_loss,0.43857998788615793,0.25240907077952074,12
gmdcsa24_robustness_v1,masked_bimamba/random_joint_drop/0.3,window_precision,0.23783801037776126,0.07928444154472215,12
gmdcsa24_robustness_v1,masked_bimamba/random_joint_drop/0.3,window_recall,0.8414318258631711,0.17796059776954234,12
gmdcsa24_robustness_v1,masked_bimamba/random_joint_drop/0.3,window_specificity,0.35570393050940746,0.25559503442359305,12
gmdcsa24_robustness_v1,masked_bimamba/random_joint_drop/0.3,window_tn,548.8333333333334,339.11296946682245,12
gmdcsa24_robustness_v1,masked_bimamba/random_joint_drop/0.3,window_tp,291.0833333333333,102.26121484026122,12
gmdcsa24_robustness_v1,masked_bimamba/frame_drop/0.1,detected_events,30.0,4.6122366887148445,12
gmdcsa24_robustness_v1,masked_bimamba/frame_drop/0.1,event_recall,0.9367092485372055,0.042424060193916466,12
gmdcsa24_robustness_v1,masked_bimamba/frame_drop/0.1,false_alarms,25.916666666666668,8.184889995743635,12
gmdcsa24_robustness_v1,masked_bimamba/frame_drop/0.1,false_alarms_per_hour,203.68880976708405,46.31813971212487,12
gmdcsa24_robustness_v1,masked_bimamba/frame_drop/0.1,mean_detection_delay_seconds,0.2664768261030775,0.13170570146602426,12
gmdcsa24_robustness_v1,masked_bimamba/frame_drop/0.1,severity,0.1,0.0,12
gmdcsa24_robustness_v1,masked_bimamba/frame_drop/0.1,total_events,32.0,4.552721463835969,12
gmdcsa24_robustness_v1,masked_bimamba/frame_drop/0.1,video_accuracy,0.7107055445340674,0.0589872676856873,12
gmdcsa24_robustness_v1,masked_bimamba/frame_drop/0.1,video_auroc,0.8804301063074588,0.05279698964165426,12
gmdcsa24_robustness_v1,masked_bimamba/frame_drop/0.1,video_f1,0.7652348046086255,0.03709140417808039,12
gmdcsa24_robustness_v1,masked_bimamba/frame_drop/0.1,video_fn,1.5833333333333333,1.2401124093721456,12
gmdcsa24_robustness_v1,masked_bimamba/frame_drop/0.1,video_fp,17.5,5.418822414845901,12
gmdcsa24_robustness_v1,masked_bimamba/frame_drop/0.1,video_precision,0.6415419040530453,0.048257766214220156,12
gmdcsa24_robustness_v1,masked_bimamba/frame_drop/0.1,video_recall,0.9511916796863034,0.0340177836006209,12
gmdcsa24_robustness_v1,masked_bimamba/frame_drop/0.1,video_specificity,0.4766697684036394,0.11924650266789702,12
gmdcsa24_robustness_v1,masked_bimamba/frame_drop/0.1,video_tn,15.5,3.2333489534143163,12
gmdcsa24_robustness_v1,masked_bimamba/frame_drop/0.1,video_tp,30.416666666666668,4.294993561924127,12
gmdcsa24_robustness_v1,masked_bimamba/frame_drop/0.1,window_accuracy,0.8697680767366538,0.028326256039682886,12
gmdcsa24_robustness_v1,masked_bimamba/frame_drop/0.1,window_auroc,0.8649025639805205,0.04830939812308062,12
gmdcsa24_robustness_v1,masked_bimamba/frame_drop/0.1,window_f1,0.6489906405170647,0.06898212201046734,12
gmdcsa24_robustness_v1,masked_bimamba/frame_drop/0.1,window_fn,108.58333333333333,43.42278064320477,12
gmdcsa24_robustness_v1,masked_bimamba/frame_drop/0.1,window_fp,153.25,66.39841865586861,12
gmdcsa24_robustness_v1,masked_bimamba/frame_drop/0.1,window_loss,0.18075969865979216,0.1147574862666538,12
gmdcsa24_robustness_v1,masked_bimamba/frame_drop/0.1,window_precision,0.6147263042238245,0.09059384315913584,12
gmdcsa24_robustness_v1,masked_bimamba/frame_drop/0.1,window_recall,0.691767287555464,0.05615747691722012,12
gmdcsa24_robustness_v1,masked_bimamba/frame_drop/0.1,window_specificity,0.9077252341363337,0.023951480424621654,12
gmdcsa24_robustness_v1,masked_bimamba/frame_drop/0.1,window_tn,1471.25,310.8475583713897,12
gmdcsa24_robustness_v1,masked_bimamba/frame_drop/0.1,window_tp,234.16666666666666,43.99552318822974,12
gmdcsa24_robustness_v1,masked_bimamba/frame_drop/0.2,detected_events,30.083333333333332,4.66043956829149,12
gmdcsa24_robustness_v1,masked_bimamba/frame_drop/0.2,event_recall,0.9388460006739576,0.036233701308395934,12
gmdcsa24_robustness_v1,masked_bimamba/frame_drop/0.2,false_alarms,28.916666666666668,7.216878364870322,12
gmdcsa24_robustness_v1,masked_bimamba/frame_drop/0.2,false_alarms_per_hour,228.39068371265702,40.836818032871435,12
gmdcsa24_robustness_v1,masked_bimamba/frame_drop/0.2,mean_detection_delay_seconds,0.26550914828784977,0.10191872675151566,12
gmdcsa24_robustness_v1,masked_bimamba/frame_drop/0.2,severity,0.2,0.0,12
gmdcsa24_robustness_v1,masked_bimamba/frame_drop/0.2,total_events,32.0,4.552721463835969,12
gmdcsa24_robustness_v1,masked_bimamba/frame_drop/0.2,video_accuracy,0.6970761270421711,0.04744513444146201,12
gmdcsa24_robustness_v1,masked_bimamba/frame_drop/0.2,video_auroc,0.8782269299044249,0.05102494425383344,12
gmdcsa24_robustness_v1,masked_bimamba/frame_drop/0.2,video_f1,0.7561607941308157,0.03019343665231038,12
gmdcsa24_robustness_v1,masked_bimamba/frame_drop/0.2,video_fn,1.5833333333333333,0.9962049198956219,12
gmdcsa24_robustness_v1,masked_bimamba/frame_drop/0.2,video_fp,18.333333333333332,4.8116021397778885,12
gmdcsa24_robustness_v1,masked_bimamba/frame_drop/0.2,video_precision,0.6284028501326495,0.03855247725767598,12
gmdcsa24_robustness_v1,masked_bimamba/frame_drop/0.2,video_recall,0.9511916796863034,0.028259402999135434,12
gmdcsa24_robustness_v1,masked_bimamba/frame_drop/0.2,video_specificity,0.45059966914805627,0.0938941973842241,12
gmdcsa24_robustness_v1,masked_bimamba/frame_drop/0.2,video_tn,14.666666666666666,2.348435972120917,12
gmdcsa24_robustness_v1,masked_bimamba/frame_drop/0.2,video_tp,30.416666666666668,4.231018216873469,12
gmdcsa24_robustness_v1,masked_bimamba/frame_drop/0.2,window_accuracy,0.8649554780198512,0.02609806830250354,12
gmdcsa24_robustness_v1,masked_bimamba/frame_drop/0.2,window_auroc,0.863573409668414,0.04353970559897904,12
gmdcsa24_robustness_v1,masked_bimamba/frame_drop/0.2,window_f1,0.6443761499187414,0.061370732221909134,12
gmdcsa24_robustness_v1,masked_bimamba/frame_drop/0.2,window_fn,103.83333333333333,39.01476022163298,12
gmdcsa24_robustness_v1,masked_bimamba/frame_drop/0.2,window_fp,166.66666666666666,65.85843403341241,12
gmdcsa24_robustness_v1,masked_bimamba/frame_drop/0.2,window_loss,0.1623765865364211,0.10252782806737859,12
gmdcsa24_robustness_v1,masked_bimamba/frame_drop/0.2,window_precision,0.5972407328741158,0.08094028480898185,12
gmdcsa24_robustness_v1,masked_bimamba/frame_drop/0.2,window_recall,0.7037620551468997,0.048550119798515576,12
gmdcsa24_robustness_v1,masked_bimamba/frame_drop/0.2,window_specificity,0.8992461071944848,0.022956812483530462,12
gmdcsa24_robustness_v1,masked_bimamba/frame_drop/0.2,window_tn,1457.8333333333333,309.8858538627448,12
gmdcsa24_robustness_v1,masked_bimamba/frame_drop/0.2,window_tp,238.91666666666666,47.189094143251005,12
gmdcsa24_robustness_v1,masked_bimamba/frame_drop/0.3,detected_events,30.333333333333332,5.0512524699475785,12
gmdcsa24_robustness_v1,masked_bimamba/frame_drop/0.3,event_recall,0.945256257084214,0.03994698627294888,12
gmdcsa24_robustness_v1,masked_bimamba/frame_drop/0.3,false_alarms,34.166666666666664,9.475646615818826,12
gmdcsa24_robustness_v1,masked_bimamba/frame_drop/0.3,false_alarms_per_hour,267.7875658962076,41.869137192489,12
gmdcsa24_robustness_v1,masked_bimamba/frame_drop/0.3,mean_detection_delay_seconds,0.22971320714232368,0.12337634523696041,12
gmdcsa24_robustness_v1,masked_bimamba/frame_drop/0.3,severity,0.3,0.0,12
gmdcsa24_robustness_v1,masked_bimamba/frame_drop/0.3,total_events,32.0,4.552721463835969,12
gmdcsa24_robustness_v1,masked_bimamba/frame_drop/0.3,video_accuracy,0.6639861820252313,0.03340168990847603,12
gmdcsa24_robustness_v1,masked_bimamba/frame_drop/0.3,video_auroc,0.8702557066414298,0.048096808539273984,12
gmdcsa24_robustness_v1,masked_bimamba/frame_drop/0.3,video_f1,0.7365793942783104,0.019976799917947957,12
gmdcsa24_robustness_v1,masked_bimamba/frame_drop/0.3,video_fn,1.4166666666666667,0.90033663737852,12
gmdcsa24_robustness_v1,masked_bimamba/frame_drop/0.3,video_fp,20.583333333333332,4.699290726623895,12
gmdcsa24_robustness_v1,masked_bimamba/frame_drop/0.3,video_precision,0.6003001965387984,0.024545039230238576,12
gmdcsa24_robustness_v1,masked_bimamba/frame_drop/0.3,video_recall,0.9545155163434733,0.031416846945651764,12
gmdcsa24_robustness_v1,masked_bimamba/frame_drop/0.3,video_specificity,0.382265388061759,0.07780588707337431,12
gmdcsa24_robustness_v1,masked_bimamba/frame_drop/0.3,video_tn,12.416666666666666,1.781640374554423,12
gmdcsa24_robustness_v1,masked_bimamba/frame_drop/0.3,video_tp,30.583333333333332,4.737823307909413,12
gmdcsa24_robustness_v1,masked_bimamba/frame_drop/0.3,window_accuracy,0.8521562907431239,0.024954936960861127,12
gmdcsa24_robustness_v1,masked_bimamba/frame_drop/0.3,window_auroc,0.8544473394795423,0.03817556116237821,12
gmdcsa24_robustness_v1,masked_bimamba/frame_drop/0.3,window_f1,0.6275667628016363,0.050669505058595465,12
gmdcsa24_robustness_v1,masked_bimamba/frame_drop/0.3,window_fn,98.91666666666667,35.61271053311095,12
gmdcsa24_robustness_v1,masked_bimamba/frame_drop/0.3,window_fp,195.75,67.74970647370162,12
gmdcsa24_robustness_v1,masked_bimamba/frame_drop/0.3,window_loss,0.15387226126196546,0.0934537826877228,12
gmdcsa24_robustness_v1,masked_bimamba/frame_drop/0.3,window_precision,0.5602417114179488,0.06345746460443634,12
gmdcsa24_robustness_v1,masked_bimamba/frame_drop/0.3,window_recall,0.716712631486426,0.046029681742682446,12
gmdcsa24_robustness_v1,masked_bimamba/frame_drop/0.3,window_specificity,0.8809125617921136,0.021913154537858207,12
gmdcsa24_robustness_v1,masked_bimamba/frame_drop/0.3,window_tn,1428.75,307.5628908340241,12
gmdcsa24_robustness_v1,masked_bimamba/frame_drop/0.3,window_tp,243.83333333333334,50.5260208989268,12
gmdcsa24_robustness_v1,masked_bimamba/confidence_noise/0.1,detected_events,29.916666666666668,4.252450274057691,12
gmdcsa24_robustness_v1,masked_bimamba/confidence_noise/0.1,event_recall,0.9356753362129706,0.049123168693029094,12
gmdcsa24_robustness_v1,masked_bimamba/confidence_noise/0.1,false_alarms,28.333333333333332,9.227757861556357,12
gmdcsa24_robustness_v1,masked_bimamba/confidence_noise/0.1,false_alarms_per_hour,223.3060438908617,56.79680074100265,12
gmdcsa24_robustness_v1,masked_bimamba/confidence_noise/0.1,mean_detection_delay_seconds,0.213172960865161,0.13882220819900645,12
gmdcsa24_robustness_v1,masked_bimamba/confidence_noise/0.1,severity,0.1,0.0,12
gmdcsa24_robustness_v1,masked_bimamba/confidence_noise/0.1,total_events,32.0,4.552721463835969,12
gmdcsa24_robustness_v1,masked_bimamba/confidence_noise/0.1,video_accuracy,0.6876461901928795,0.05723895614883807,12
gmdcsa24_robustness_v1,masked_bimamba/confidence_noise/0.1,video_auroc,0.8742018679004084,0.05656041281439114,12
gmdcsa24_robustness_v1,masked_bimamba/confidence_noise/0.1,video_f1,0.7503984166898716,0.038008789871828236,12
gmdcsa24_robustness_v1,masked_bimamba/confidence_noise/0.1,video_fn,1.6666666666666667,1.556997888323046,12
gmdcsa24_robustness_v1,masked_bimamba/confidence_noise/0.1,video_fp,18.833333333333332,4.648231987117318,12
gmdcsa24_robustness_v1,masked_bimamba/confidence_noise/0.1,video_precision,0.6210427861841075,0.043492749893540725,12
gmdcsa24_robustness_v1,masked_bimamba/confidence_noise/0.1,video_recall,0.9501577673620685,0.04103200498902222,12
gmdcsa24_robustness_v1,masked_bimamba/confidence_noise/0.1,video_specificity,0.4328163771712159,0.10606380442145566,12
gmdcsa24_robustness_v1,masked_bimamba/confidence_noise/0.1,video_tn,14.166666666666666,3.2427074359478554,12
gmdcsa24_robustness_v1,masked_bimamba/confidence_noise/0.1,video_tp,30.333333333333332,3.892494720807615,12
gmdcsa24_robustness_v1,masked_bimamba/confidence_noise/0.1,window_accuracy,0.8631458848836334,0.031180936463704678,12
gmdcsa24_robustness_v1,masked_bimamba/confidence_noise/0.1,window_auroc,0.8631121485191375,0.05113967952116411,12
gmdcsa24_robustness_v1,masked_bimamba/confidence_noise/0.1,window_f1,0.6387944225391601,0.07047857794582751,12
gmdcsa24_robustness_v1,masked_bimamba/confidence_noise/0.1,window_fn,108.0,47.19206404779207,12
gmdcsa24_robustness_v1,masked_bimamba/confidence_noise/0.1,window_fp,167.66666666666666,72.0067336918548,12
gmdcsa24_robustness_v1,masked_bimamba/confidence_noise/0.1,window_loss,0.20185612141329554,0.12584973190714807,12
gmdcsa24_robustness_v1,masked_bimamba/confidence_noise/0.1,window_precision,0.5940909228163238,0.08442414647730671,12
gmdcsa24_robustness_v1,masked_bimamba/confidence_noise/0.1,window_recall,0.694978591509483,0.0669613547081356,12
gmdcsa24_robustness_v1,masked_bimamba/confidence_noise/0.1,window_specificity,0.8989831278619047,0.026730795586916514,12
gmdcsa24_robustness_v1,masked_bimamba/confidence_noise/0.1,window_tn,1456.8333333333333,307.02882107335944,12
gmdcsa24_robustness_v1,masked_bimamba/confidence_noise/0.1,window_tp,234.75,43.222731813879435,12
gmdcsa24_robustness_v1,masked_bimamba/confidence_noise/0.2,detected_events,30.083333333333332,4.581749037477309,12
gmdcsa24_robustness_v1,masked_bimamba/confidence_noise/0.2,event_recall,0.9399488404864749,0.05443182932001127,12
gmdcsa24_robustness_v1,masked_bimamba/confidence_noise/0.2,false_alarms,31.083333333333332,10.655415467633292,12
gmdcsa24_robustness_v1,masked_bimamba/confidence_noise/0.2,false_alarms_per_hour,244.1489241129048,62.36091916275179,12
gmdcsa24_robustness_v1,masked_bimamba/confidence_noise/0.2,mean_detection_delay_seconds,0.15239013827201683,0.14424278359740267,12
gmdcsa24_robustness_v1,masked_bimamba/confidence_noise/0.2,severity,0.2,0.0,12
gmdcsa24_robustness_v1,masked_bimamba/confidence_noise/0.2,total_events,32.0,4.552721463835969,12
gmdcsa24_robustness_v1,masked_bimamba/confidence_noise/0.2,video_accuracy,0.6761407412935426,0.0633426076972562,12
gmdcsa24_robustness_v1,masked_bimamba/confidence_noise/0.2,video_auroc,0.8696100438277724,0.05658343794877137,12
gmdcsa24_robustness_v1,masked_bimamba/confidence_noise/0.2,video_f1,0.7445622645856467,0.04192947878502465,12
gmdcsa24_robustness_v1,masked_bimamba/confidence_noise/0.2,video_fn,1.5,1.6236882817719773,12
gmdcsa24_robustness_v1,masked_bimamba/confidence_noise/0.2,video_fp,19.75,5.119037551585792,12
gmdcsa24_robustness_v1,masked_bimamba/confidence_noise/0.2,video_precision,0.611483678329048,0.04727311747371432,12
gmdcsa24_robustness_v1,masked_bimamba/confidence_noise/0.2,video_recall,0.9544312716355727,0.04580752613959499,12
gmdcsa24_robustness_v1,masked_bimamba/confidence_noise/0.2,video_specificity,0.4058243727598566,0.11713567022694556,12
gmdcsa24_robustness_v1,masked_bimamba/confidence_noise/0.2,video_tn,13.25,3.493500458643945,12
gmdcsa24_robustness_v1,masked_bimamba/confidence_noise/0.2,video_tp,30.5,4.231913386293593,12
gmdcsa24_robustness_v1,masked_bimamba/confidence_noise/0.2,window_accuracy,0.8596215339228732,0.035779963552736625,12
gmdcsa24_robustness_v1,masked_bimamba/confidence_noise/0.2,window_auroc,0.862062600031927,0.05145500917904303,12
gmdcsa24_robustness_v1,masked_bimamba/confidence_noise/0.2,window_f1,0.6378884161747188,0.0706966406045232,12
gmdcsa24_robustness_v1,masked_bimamba/confidence_noise/0.2,window_fn,104.08333333333333,45.08468462658675,12
gmdcsa24_robustness_v1,masked_bimamba/confidence_noise/0.2,window_fp,179.08333333333334,83.25913363309357,12
gmdcsa24_robustness_v1,masked_bimamba/confidence_noise/0.2,window_loss,0.19998821095390945,0.1251225943290174,12
gmdcsa24_robustness_v1,masked_bimamba/confidence_noise/0.2,window_precision,0.5855784014790472,0.08810084490658897,12
gmdcsa24_robustness_v1,masked_bimamba/confidence_noise/0.2,window_recall,0.7059064331248073,0.06469893768837419,12
gmdcsa24_robustness_v1,masked_bimamba/confidence_noise/0.2,window_specificity,0.892363713701478,0.03404373875544479,12
gmdcsa24_robustness_v1,masked_bimamba/confidence_noise/0.2,window_tn,1445.4166666666667,301.3815034239172,12
gmdcsa24_robustness_v1,masked_bimamba/confidence_noise/0.2,window_tp,238.66666666666666,44.85194499346678,12
gmdcsa24_robustness_v1,masked_bimamba/confidence_noise/0.3,detected_events,30.0,4.709757762541316,12
gmdcsa24_robustness_v1,masked_bimamba/confidence_noise/0.3,event_recall,0.9368624207333884,0.05848909251925477,12
gmdcsa24_robustness_v1,masked_bimamba/confidence_noise/0.3,false_alarms,35.75,12.016087700926771,12
gmdcsa24_robustness_v1,masked_bimamba/confidence_noise/0.3,false_alarms_per_hour,281.90579735317806,78.83147319121787,12
gmdcsa24_robustness_v1,masked_bimamba/confidence_noise/0.3,mean_detection_delay_seconds,0.10797795214112624,0.14467655164827503,12
gmdcsa24_robustness_v1,masked_bimamba/confidence_noise/0.3,severity,0.3,0.0,12
gmdcsa24_robustness_v1,masked_bimamba/confidence_noise/0.3,total_events,32.0,4.552721463835969,12
gmdcsa24_robustness_v1,masked_bimamba/confidence_noise/0.3,video_accuracy,0.6496033128036524,0.06711196954815438,12
gmdcsa24_robustness_v1,masked_bimamba/confidence_noise/0.3,video_auroc,0.8647740829989834,0.05726962441107772,12
gmdcsa24_robustness_v1,masked_bimamba/confidence_noise/0.3,video_f1,0.7287004849915091,0.04381473020931324,12
gmdcsa24_robustness_v1,masked_bimamba/confidence_noise/0.3,video_fn,1.5833333333333333,1.6764862244009227,12
gmdcsa24_robustness_v1,masked_bimamba/confidence_noise/0.3,video_fp,21.333333333333332,5.193235693640042,12
gmdcsa24_robustness_v1,masked_bimamba/confidence_noise/0.3,video_precision,0.5918244976696792,0.04964025293156448,12
gmdcsa24_robustness_v1,masked_bimamba/confidence_noise/0.3,video_recall,0.9513448518824863,0.04903668508066726,12
gmdcsa24_robustness_v1,masked_bimamba/confidence_noise/0.3,video_specificity,0.35646496760408053,0.12754078721158885,12
gmdcsa24_robustness_v1,masked_bimamba/confidence_noise/0.3,video_tn,11.666666666666666,3.9157800414902435,12
gmdcsa24_robustness_v1,masked_bimamba/confidence_noise/0.3,video_tp,30.416666666666668,4.358029857908759,12
gmdcsa24_robustness_v1,masked_bimamba/confidence_noise/0.3,window_accuracy,0.8517162330671357,0.04058150981981322,12
gmdcsa24_robustness_v1,masked_bimamba/confidence_noise/0.3,window_auroc,0.8595312047793396,0.051148960871009834,12
gmdcsa24_robustness_v1,masked_bimamba/confidence_noise/0.3,window_f1,0.6277325873304428,0.06810731974261612,12
gmdcsa24_robustness_v1,masked_bimamba/confidence_noise/0.3,window_fn,102.58333333333333,41.419052123242494,12
gmdcsa24_robustness_v1,masked_bimamba/confidence_noise/0.3,window_fp,196.0,94.94208761134337,12
gmdcsa24_robustness_v1,masked_bimamba/confidence_noise/0.3,window_loss,0.19830624784214712,0.12313238833023692,12
gmdcsa24_robustness_v1,masked_bimamba/confidence_noise/0.3,window_precision,0.5680253510482812,0.09175148781162172,12
gmdcsa24_robustness_v1,masked_bimamba/confidence_noise/0.3,window_recall,0.7088568564240758,0.05562867730008572,12
gmdcsa24_robustness_v1,masked_bimamba/confidence_noise/0.3,window_specificity,0.8820069001317167,0.04248502209539929,12
gmdcsa24_robustness_v1,masked_bimamba/confidence_noise/0.3,window_tn,1428.5,298.31999293010546,12
gmdcsa24_robustness_v1,masked_bimamba/confidence_noise/0.3,window_tp,240.16666666666666,46.57707850890009,12
gmdcsa24_robustness_v1,masked_bimamba/lower_body_missing/1.0,detected_events,30.916666666666668,4.010403138505321,12
gmdcsa24_robustness_v1,masked_bimamba/lower_body_missing/1.0,event_recall,0.9722222222222222,0.08845787859956143,12
gmdcsa24_robustness_v1,masked_bimamba/lower_body_missing/1.0,false_alarms,36.5,8.207535340383028,12
gmdcsa24_robustness_v1,masked_bimamba/lower_body_missing/1.0,false_alarms_per_hour,290.29958602621923,43.74401979941983,12
gmdcsa24_robustness_v1,masked_bimamba/lower_body_missing/1.0,mean_detection_delay_seconds,-0.9631684555566842,0.830742655498415,12
gmdcsa24_robustness_v1,masked_bimamba/lower_body_missing/1.0,severity,1.0,0.0,12
gmdcsa24_robustness_v1,masked_bimamba/lower_body_missing/1.0,total_events,32.0,4.552721463835969,12
gmdcsa24_robustness_v1,masked_bimamba/lower_body_missing/1.0,video_accuracy,0.5008110640538485,0.024033264151133098,12
gmdcsa24_robustness_v1,masked_bimamba/lower_body_missing/1.0,video_auroc,0.5028874151481144,0.11654868022250975,12
gmdcsa24_robustness_v1,masked_bimamba/lower_body_missing/1.0,video_f1,0.6560901582851515,0.02643522234124693,12
gmdcsa24_robustness_v1,masked_bimamba/lower_body_missing/1.0,video_fn,1.0,3.4641016151377544,12
gmdcsa24_robustness_v1,masked_bimamba/lower_body_missing/1.0,video_fp,31.333333333333332,3.2286595398465945,12
gmdcsa24_robustness_v1,masked_bimamba/lower_body_missing/1.0,video_precision,0.4965472904198953,0.017288714690568988,12
gmdcsa24_robustness_v1,masked_bimamba/lower_body_missing/1.0,video_recall,0.9743589743589743,0.0888231183368655,12
gmdcsa24_robustness_v1,masked_bimamba/lower_body_missing/1.0,video_specificity,0.04438930245381858,0.09685438827505469,12
gmdcsa24_robustness_v1,masked_bimamba/lower_body_missing/1.0,video_tn,1.6666666666666667,3.773913650631694,12
gmdcsa24_robustness_v1,masked_bimamba/lower_body_missing/1.0,video_tp,31.0,4.177863742936748,12
gmdcsa24_robustness_v1,masked_bimamba/lower_body_missing/1.0,window_accuracy,0.30511895286941765,0.20599060990015577,12
gmdcsa24_robustness_v1,masked_bimamba/lower_body_missing/1.0,window_auroc,0.6015278322332288,0.09235869063805967,12
gmdcsa24_robustness_v1,masked_bimamba/lower_body_missing/1.0,window_f1,0.31806055955696133,0.06334531119525716,12
gmdcsa24_robustness_v1,masked_bimamba/lower_body_missing/1.0,window_fn,41.916666666666664,81.15692804497327,12
gmdcsa24_robustness_v1,masked_bimamba/lower_body_missing/1.0,window_fp,1286.3333333333333,459.5605278827576,12
gmdcsa24_robustness_v1,masked_bimamba/lower_body_missing/1.0,window_loss,1.6515147509774808,1.3823640542653453,12
gmdcsa24_robustness_v1,masked_bimamba/lower_body_missing/1.0,window_precision,0.20118614116114591,0.05598139062417957,12
gmdcsa24_robustness_v1,masked_bimamba/lower_body_missing/1.0,window_recall,0.9014885754331068,0.18179237566939183,12
gmdcsa24_robustness_v1,masked_bimamba/lower_body_missing/1.0,window_specificity,0.18240451347982145,0.27578076417958214,12
gmdcsa24_robustness_v1,masked_bimamba/lower_body_missing/1.0,window_tn,338.1666666666667,569.5779671002563,12
gmdcsa24_robustness_v1,masked_bimamba/lower_body_missing/1.0,window_tp,300.8333333333333,73.10867792457191,12
gmdcsa24_robustness_v1,tcnte/clean/0.0,detected_events,30.833333333333332,4.969604581550699,12
gmdcsa24_robustness_v1,tcnte/clean/0.0,event_recall,0.9616303648561713,0.04311022636452909,12
gmdcsa24_robustness_v1,tcnte/clean/0.0,false_alarms,29.75,12.351849327861064,12
gmdcsa24_robustness_v1,tcnte/clean/0.0,false_alarms_per_hour,228.7296692061671,62.02038659474961,12
gmdcsa24_robustness_v1,tcnte/clean/0.0,mean_detection_delay_seconds,0.23910711998646597,0.23018624542075836,12
gmdcsa24_robustness_v1,tcnte/clean/0.0,severity,0.0,0.0,12
gmdcsa24_robustness_v1,tcnte/clean/0.0,total_events,32.0,4.552721463835969,12
gmdcsa24_robustness_v1,tcnte/clean/0.0,video_accuracy,0.696946995970765,0.05385392452431532,12
gmdcsa24_robustness_v1,tcnte/clean/0.0,video_auroc,0.8856231685850439,0.05861086700617229,12
gmdcsa24_robustness_v1,tcnte/clean/0.0,video_f1,0.7591026036544294,0.030147597258740732,12
gmdcsa24_robustness_v1,tcnte/clean/0.0,video_fn,1.0833333333333333,0.9962049198956219,12
gmdcsa24_robustness_v1,tcnte/clean/0.0,video_fp,18.833333333333332,5.936533015357048,12
gmdcsa24_robustness_v1,tcnte/clean/0.0,video_precision,0.6280081467560127,0.04801959265555742,12
gmdcsa24_robustness_v1,tcnte/clean/0.0,video_recall,0.9647167846092577,0.03512199046306332,12
gmdcsa24_robustness_v1,tcnte/clean/0.0,video_specificity,0.43717474841466775,0.12814484286385533,12
gmdcsa24_robustness_v1,tcnte/clean/0.0,video_tn,14.166666666666666,3.588702812826367,12
gmdcsa24_robustness_v1,tcnte/clean/0.0,video_tp,30.916666666666668,4.832810839052218,12
gmdcsa24_robustness_v1,tcnte/clean/0.0,window_accuracy,0.8542041096538955,0.027337235091238036,12
gmdcsa24_robustness_v1,tcnte/clean/0.0,window_auroc,0.8683787680350025,0.043051595573359865,12
gmdcsa24_robustness_v1,tcnte/clean/0.0,window_f1,0.625543370244477,0.06769151974566341,12
gmdcsa24_robustness_v1,tcnte/clean/0.0,window_fn,102.08333333333333,46.012761734373676,12
gmdcsa24_robustness_v1,tcnte/clean/0.0,window_fp,188.58333333333334,84.36226896096633,12
gmdcsa24_robustness_v1,tcnte/clean/0.0,window_loss,0.11031878728772647,0.04907760432568858,12
gmdcsa24_robustness_v1,tcnte/clean/0.0,window_precision,0.5743543131610385,0.09877222200862135,12
gmdcsa24_robustness_v1,tcnte/clean/0.0,window_recall,0.7065196411068522,0.09971700327212507,12
gmdcsa24_robustness_v1,tcnte/clean/0.0,window_specificity,0.8872243821407131,0.0338627659834531,12
gmdcsa24_robustness_v1,tcnte/clean/0.0,window_tn,1435.9166666666667,296.22088144838915,12
gmdcsa24_robustness_v1,tcnte/clean/0.0,window_tp,240.66666666666666,59.83664631665316,12
gmdcsa24_robustness_v1,tcnte/random_joint_drop/0.1,detected_events,31.416666666666668,5.071459057282921,12
gmdcsa24_robustness_v1,tcnte/random_joint_drop/0.1,event_recall,0.9807845479888491,0.05592358187605938,12
gmdcsa24_robustness_v1,tcnte/random_joint_drop/0.1,false_alarms,56.916666666666664,16.53898058490543,12
gmdcsa24_robustness_v1,tcnte/random_joint_drop/0.1,false_alarms_per_hour,456.7858008026603,138.60381529736907,12
gmdcsa24_robustness_v1,tcnte/random_joint_drop/0.1,mean_detection_delay_seconds,-0.056554912232331625,0.5902784645894739,12
gmdcsa24_robustness_v1,tcnte/random_joint_drop/0.1,severity,0.1,0.0,12
gmdcsa24_robustness_v1,tcnte/random_joint_drop/0.1,total_events,32.0,4.552721463835969,12
gmdcsa24_robustness_v1,tcnte/random_joint_drop/0.1,video_accuracy,0.5442978310126018,0.06613905126674084,12
gmdcsa24_robustness_v1,tcnte/random_joint_drop/0.1,video_auroc,0.7939973428884024,0.08000495956897648,12
gmdcsa24_robustness_v1,tcnte/random_joint_drop/0.1,video_f1,0.6807721917472064,0.030338165638865072,12
gmdcsa24_robustness_v1,tcnte/random_joint_drop/0.1,video_fn,0.5,1.7320508075688772,12
gmdcsa24_robustness_v1,tcnte/random_joint_drop/0.1,video_fp,28.916666666666668,5.517877281796841,12
gmdcsa24_robustness_v1,tcnte/random_joint_drop/0.1,video_precision,0.5232701276073246,0.04437003512569905,12
gmdcsa24_robustness_v1,tcnte/random_joint_drop/0.1,video_recall,0.9838709677419355,0.05587260669577025,12
gmdcsa24_robustness_v1,tcnte/random_joint_drop/0.1,video_specificity,0.1207256341328922,0.15820173721592243,12
gmdcsa24_robustness_v1,tcnte/random_joint_drop/0.1,video_tn,4.083333333333333,5.299371031861549,12
gmdcsa24_robustness_v1,tcnte/random_joint_drop/0.1,video_tp,31.5,4.981785003207366,12
gmdcsa24_robustness_v1,tcnte/random_joint_drop/0.1,window_accuracy,0.6774182710991173,0.14094102707250633,12
gmdcsa24_robustness_v1,tcnte/random_joint_drop/0.1,window_auroc,0.8001111172412675,0.05166715340574918,12
gmdcsa24_robustness_v1,tcnte/random_joint_drop/0.1,window_f1,0.4538801778661051,0.09720753301578619,12
gmdcsa24_robustness_v1,tcnte/random_joint_drop/0.1,window_fn,94.58333333333333,78.73483499966353,12
gmdcsa24_robustness_v1,tcnte/random_joint_drop/0.1,window_fp,532.0833333333334,351.84564237831063,12
gmdcsa24_robustness_v1,tcnte/random_joint_drop/0.1,window_loss,0.1918385795014136,0.09109397850123384,12
gmdcsa24_robustness_v1,tcnte/random_joint_drop/0.1,window_precision,0.37097640642802215,0.13854444378942957,12
gmdcsa24_robustness_v1,tcnte/random_joint_drop/0.1,window_recall,0.736033103343827,0.19669697596744412,12
gmdcsa24_robustness_v1,tcnte/random_joint_drop/0.1,window_specificity,0.6693221328007664,0.20491755116716526,12
gmdcsa24_robustness_v1,tcnte/random_joint_drop/0.1,window_tn,1092.4166666666667,444.8970173653742,12
gmdcsa24_robustness_v1,tcnte/random_joint_drop/0.1,window_tp,248.16666666666666,80.49148270394072,12
gmdcsa24_robustness_v1,tcnte/random_joint_drop/0.2,detected_events,32.0,4.552721463835969,12
gmdcsa24_robustness_v1,tcnte/random_joint_drop/0.2,event_recall,1.0,0.0,12
gmdcsa24_robustness_v1,tcnte/random_joint_drop/0.2,false_alarms,55.666666666666664,15.233535573221538,12
gmdcsa24_robustness_v1,tcnte/random_joint_drop/0.2,false_alarms_per_hour,441.52270256860305,106.2403616212595,12
gmdcsa24_robustness_v1,tcnte/random_joint_drop/0.2,mean_detection_delay_seconds,-0.432169224642343,0.6199132521544085,12
gmdcsa24_robustness_v1,tcnte/random_joint_drop/0.2,severity,0.2,0.0,12
gmdcsa24_robustness_v1,tcnte/random_joint_drop/0.2,total_events,32.0,4.552721463835969,12
gmdcsa24_robustness_v1,tcnte/random_joint_drop/0.2,video_accuracy,0.5105443509518213,0.038317139375861335,12
gmdcsa24_robustness_v1,tcnte/random_joint_drop/0.2,video_auroc,0.7096833325665222,0.11922771378495435,12
gmdcsa24_robustness_v1,tcnte/random_joint_drop/0.2,video_f1,0.6678442340889519,0.021434252569273234,12
gmdcsa24_robustness_v1,tcnte/random_joint_drop/0.2,video_fn,0.0,0.0,12
gmdcsa24_robustness_v1,tcnte/random_joint_drop/0.2,video_fp,31.583333333333332,2.4664414311581235,12
gmdcsa24_robustness_v1,tcnte/random_joint_drop/0.2,video_precision,0.5016876133359551,0.024526024325157787,12
gmdcsa24_robustness_v1,tcnte/random_joint_drop/0.2,video_recall,1.0,0.0,12
gmdcsa24_robustness_v1,tcnte/random_joint_drop/0.2,video_specificity,0.038068651778329195,0.06540390082258643,12
gmdcsa24_robustness_v1,tcnte/random_joint_drop/0.2,video_tn,1.4166666666666667,2.539088359425425,12
gmdcsa24_robustness_v1,tcnte/random_joint_drop/0.2,video_tp,32.0,4.552721463835969,12
gmdcsa24_robustness_v1,tcnte/random_joint_drop/0.2,window_accuracy,0.5472013517065188,0.1706843764989105,12
gmdcsa24_robustness_v1,tcnte/random_joint_drop/0.2,window_auroc,0.7564723211597996,0.05401683181976402,12
gmdcsa24_robustness_v1,tcnte/random_joint_drop/0.2,window_f1,0.39465375481012144,0.07352051751627485,12
gmdcsa24_robustness_v1,tcnte/random_joint_drop/0.2,window_fn,72.58333333333333,68.65256180525417,12
gmdcsa24_robustness_v1,tcnte/random_joint_drop/0.2,window_fp,782.4166666666666,317.4605081619196,12
gmdcsa24_robustness_v1,tcnte/random_joint_drop/0.2,window_loss,0.2922299633990514,0.18495254136698497,12
gmdcsa24_robustness_v1,tcnte/random_joint_drop/0.2,window_precision,0.2782955120552841,0.08712633134847579,12
gmdcsa24_robustness_v1,tcnte/random_joint_drop/0.2,window_recall,0.80699987238304,0.16686850627628283,12
gmdcsa24_robustness_v1,tcnte/random_joint_drop/0.2,window_specificity,0.49565449605593104,0.2339193803123527,12
gmdcsa24_robustness_v1,tcnte/random_joint_drop/0.2,window_tn,842.0833333333334,515.8108283140832,12
gmdcsa24_robustness_v1,tcnte/random_joint_drop/0.2,window_tp,270.1666666666667,62.226614202859494,12
gmdcsa24_robustness_v1,tcnte/random_joint_drop/0.3,detected_events,32.0,4.552721463835969,12
gmdcsa24_robustness_v1,tcnte/random_joint_drop/0.3,event_recall,1.0,0.0,12
gmdcsa24_robustness_v1,tcnte/random_joint_drop/0.3,false_alarms,53.666666666666664,24.73618377759164,12
gmdcsa24_robustness_v1,tcnte/random_joint_drop/0.3,false_alarms_per_hour,409.5664038081951,113.20330103380294,12
gmdcsa24_robustness_v1,tcnte/random_joint_drop/0.3,mean_detection_delay_seconds,-0.6316377171215882,0.5674134820622418,12
gmdcsa24_robustness_v1,tcnte/random_joint_drop/0.3,severity,0.3,0.0,12
gmdcsa24_robustness_v1,tcnte/random_joint_drop/0.3,total_events,32.0,4.552721463835969,12
gmdcsa24_robustness_v1,tcnte/random_joint_drop/0.3,video_accuracy,0.49784718205770834,0.020253010968450204,12
gmdcsa24_robustness_v1,tcnte/random_joint_drop/0.3,video_auroc,0.6526137092453952,0.12715044173316506,12
gmdcsa24_robustness_v1,tcnte/random_joint_drop/0.3,video_f1,0.6618483351509336,0.013645593046990567,12
gmdcsa24_robustness_v1,tcnte/random_joint_drop/0.3,video_fn,0.0,0.0,12
gmdcsa24_robustness_v1,tcnte/random_joint_drop/0.3,video_fp,32.5,2.844452335847639,12
gmdcsa24_robustness_v1,tcnte/random_joint_drop/0.3,video_precision,0.4947412090833143,0.015225469209580175,12
gmdcsa24_robustness_v1,tcnte/random_joint_drop/0.3,video_recall,1.0,0.0,12
gmdcsa24_robustness_v1,tcnte/random_joint_drop/0.3,video_specificity,0.01282051282051282,0.02564102564102564,12
gmdcsa24_robustness_v1,tcnte/random_joint_drop/0.3,video_tn,0.5,1.0,12
gmdcsa24_robustness_v1,tcnte/random_joint_drop/0.3,video_tp,32.0,4.552721463835969,12
gmdcsa24_robustness_v1,tcnte/random_joint_drop/0.3,window_accuracy,0.4444897892046286,0.18940641773321937,12
gmdcsa24_robustness_v1,tcnte/random_joint_drop/0.3,window_auroc,0.7095099522354673,0.055676826353888126,12
gmdcsa24_robustness_v1,tcnte/random_joint_drop/0.3,window_f1,0.3563186998468346,0.06091534885816239,12
gmdcsa24_robustness_v1,tcnte/random_joint_drop/0.3,window_fn,62.666666666666664,66.86531011645498,12
gmdcsa24_robustness_v1,tcnte/random_joint_drop/0.3,window_fp,970.75,296.51954557683194,12
gmdcsa24_robustness_v1,tcnte/random_joint_drop/0.3,window_loss,0.4606538944235809,0.4164794104994893,12
gmdcsa24_robustness_v1,tcnte/random_joint_drop/0.3,window_precision,0.2346590783747579,0.061082204299137154,12
gmdcsa24_robustness_v1,tcnte/random_joint_drop/0.3,window_recall,0.8412901774546323,0.14424226307811938,12
gmdcsa24_robustness_v1,tcnte/random_joint_drop/0.3,window_specificity,0.36103287797035816,0.2552926940930083,12
gmdcsa24_robustness_v1,tcnte/random_joint_drop/0.3,window_tn,653.75,587.1232060572203,12
gmdcsa24_robustness_v1,tcnte/random_joint_drop/0.3,window_tp,280.0833333333333,46.9457294666034,12
gmdcsa24_robustness_v1,tcnte/frame_drop/0.1,detected_events,31.583333333333332,4.999242366841624,12
gmdcsa24_robustness_v1,tcnte/frame_drop/0.1,event_recall,0.9849661489446435,0.024418389624826474,12
gmdcsa24_robustness_v1,tcnte/frame_drop/0.1,false_alarms,53.75,17.051392904979934,12
gmdcsa24_robustness_v1,tcnte/frame_drop/0.1,false_alarms_per_hour,422.9640440665598,112.99880659842056,12
gmdcsa24_robustness_v1,tcnte/frame_drop/0.1,mean_detection_delay_seconds,-0.13931816928591123,0.3299316428849309,12
gmdcsa24_robustness_v1,tcnte/frame_drop/0.1,severity,0.1,0.0,12
gmdcsa24_robustness_v1,tcnte/frame_drop/0.1,total_events,32.0,4.552721463835969,12
gmdcsa24_robustness_v1,tcnte/frame_drop/0.1,video_accuracy,0.5738976093390354,0.062374869798554146,12
gmdcsa24_robustness_v1,tcnte/frame_drop/0.1,video_auroc,0.8749207385749822,0.0586522723096372,12
gmdcsa24_robustness_v1,tcnte/frame_drop/0.1,video_f1,0.6959460409915058,0.03641473006483603,12
gmdcsa24_robustness_v1,tcnte/frame_drop/0.1,video_fn,0.3333333333333333,0.49236596391733095,12
gmdcsa24_robustness_v1,tcnte/frame_drop/0.1,video_fp,27.333333333333332,5.104958967573203,12
gmdcsa24_robustness_v1,tcnte/frame_drop/0.1,video_precision,0.5378842592324029,0.04018964224685074,12
gmdcsa24_robustness_v1,tcnte/frame_drop/0.1,video_recall,0.98805256869773,0.01769158939133039,12
gmdcsa24_robustness_v1,tcnte/frame_drop/0.1,video_specificity,0.1739199924179763,0.10844531463050769,12
gmdcsa24_robustness_v1,tcnte/frame_drop/0.1,video_tn,5.666666666666667,3.3933982252531925,12
gmdcsa24_robustness_v1,tcnte/frame_drop/0.1,video_tp,31.666666666666668,4.886592665527574,12
gmdcsa24_robustness_v1,tcnte/frame_drop/0.1,window_accuracy,0.7957773619115285,0.02502358962218692,12
gmdcsa24_robustness_v1,tcnte/frame_drop/0.1,window_auroc,0.8581568755615473,0.03677448790976676,12
gmdcsa24_robustness_v1,tcnte/frame_drop/0.1,window_f1,0.5691580521992998,0.04491958079153559,12
gmdcsa24_robustness_v1,tcnte/frame_drop/0.1,window_fn,77.08333333333333,37.06863004392438,12
gmdcsa24_robustness_v1,tcnte/frame_drop/0.1,window_fp,329.8333333333333,117.45469790777234,12
gmdcsa24_robustness_v1,tcnte/frame_drop/0.1,window_loss,0.12401569078752611,0.045181679304324006,12
gmdcsa24_robustness_v1,tcnte/frame_drop/0.1,window_precision,0.456277335936674,0.07458566204199593,12
gmdcsa24_robustness_v1,tcnte/frame_drop/0.1,window_recall,0.7802678608512198,0.07838208295740802,12
gmdcsa24_robustness_v1,tcnte/frame_drop/0.1,window_specificity,0.8007039438113807,0.04423943481842553,12
gmdcsa24_robustness_v1,tcnte/frame_drop/0.1,window_tn,1294.6666666666667,269.657807847897,12
gmdcsa24_robustness_v1,tcnte/frame_drop/0.1,window_tp,265.6666666666667,60.13217764124951,12
gmdcsa24_robustness_v1,tcnte/frame_drop/0.2,detected_events,31.75,4.788717801438938,12
gmdcsa24_robustness_v1,tcnte/frame_drop/0.2,event_recall,0.9911389884508164,0.016073288522478624,12
gmdcsa24_robustness_v1,tcnte/frame_drop/0.2,false_alarms,64.66666666666667,17.75762746915627,12
gmdcsa24_robustness_v1,tcnte/frame_drop/0.2,false_alarms_per_hour,507.9157361916465,90.50793052653077,12
gmdcsa24_robustness_v1,tcnte/frame_drop/0.2,mean_detection_delay_seconds,-0.4061074349784028,0.3988995274211015,12
gmdcsa24_robustness_v1,tcnte/frame_drop/0.2,severity,0.2,0.0,12
gmdcsa24_robustness_v1,tcnte/frame_drop/0.2,total_events,32.0,4.552721463835969,12
gmdcsa24_robustness_v1,tcnte/frame_drop/0.2,video_accuracy,0.5300793339842576,0.03666702080912708,12
gmdcsa24_robustness_v1,tcnte/frame_drop/0.2,video_auroc,0.8549003313175416,0.06854853549939134,12
gmdcsa24_robustness_v1,tcnte/frame_drop/0.2,video_f1,0.6747388316624834,0.023200122500394982,12
gmdcsa24_robustness_v1,tcnte/frame_drop/0.2,video_fn,0.25,0.45226701686664544,12
gmdcsa24_robustness_v1,tcnte/frame_drop/0.2,video_fp,30.25,4.202272112689861,12
gmdcsa24_robustness_v1,tcnte/frame_drop/0.2,video_precision,0.5116896761691315,0.02372903989833624,12
gmdcsa24_robustness_v1,tcnte/frame_drop/0.2,video_recall,0.9911389884508164,0.016073288522478624,12
gmdcsa24_robustness_v1,tcnte/frame_drop/0.2,video_specificity,0.08458953680727874,0.05658136894049365,12
gmdcsa24_robustness_v1,tcnte/frame_drop/0.2,video_tn,2.75,1.764549903980152,12
gmdcsa24_robustness_v1,tcnte/frame_drop/0.2,video_tp,31.75,4.788717801438938,12
gmdcsa24_robustness_v1,tcnte/frame_drop/0.2,window_accuracy,0.7014418258013011,0.06254088798285237,12
gmdcsa24_robustness_v1,tcnte/frame_drop/0.2,window_auroc,0.8407542900955416,0.03039663885914518,12
gmdcsa24_robustness_v1,tcnte/frame_drop/0.2,window_f1,0.4952796539576063,0.06073091198464148,12
gmdcsa24_robustness_v1,tcnte/frame_drop/0.2,window_fn,59.166666666666664,30.43572462310259,12
gmdcsa24_robustness_v1,tcnte/frame_drop/0.2,window_fp,530.5,177.21148126153986,12
gmdcsa24_robustness_v1,tcnte/frame_drop/0.2,window_loss,0.15374985134140576,0.0464689661473283,12
gmdcsa24_robustness_v1,tcnte/frame_drop/0.2,window_precision,0.3590356420619337,0.07423514601295983,12
gmdcsa24_robustness_v1,tcnte/frame_drop/0.2,window_recall,0.8340770360616435,0.06176295425344698,12
gmdcsa24_robustness_v1,tcnte/frame_drop/0.2,window_specificity,0.6753993169326612,0.08500819080048799,12
gmdcsa24_robustness_v1,tcnte/frame_drop/0.2,window_tn,1094.0,273.22884181579366,12
gmdcsa24_robustness_v1,tcnte/frame_drop/0.2,window_tp,283.5833333333333,60.35118185682159,12
gmdcsa24_robustness_v1,tcnte/frame_drop/0.3,detected_events,31.666666666666668,4.8116021397778885,12
gmdcsa24_robustness_v1,tcnte/frame_drop/0.3,event_recall,0.9884508164078056,0.017120020119637345,12
gmdcsa24_robustness_v1,tcnte/frame_drop/0.3,false_alarms,64.58333333333333,19.551602274881503,12
gmdcsa24_robustness_v1,tcnte/frame_drop/0.3,false_alarms_per_hour,504.1591610523882,79.07975013962755,12
gmdcsa24_robustness_v1,tcnte/frame_drop/0.3,mean_detection_delay_seconds,-0.6460651594522563,0.45646718118001056,12
gmdcsa24_robustness_v1,tcnte/frame_drop/0.3,severity,0.3,0.0,12
gmdcsa24_robustness_v1,tcnte/frame_drop/0.3,total_events,32.0,4.552721463835969,12
gmdcsa24_robustness_v1,tcnte/frame_drop/0.3,video_accuracy,0.506024158825517,0.02394257682039068,12
gmdcsa24_robustness_v1,tcnte/frame_drop/0.3,video_auroc,0.8293019140576272,0.07396307835272689,12
gmdcsa24_robustness_v1,tcnte/frame_drop/0.3,video_f1,0.662908210262341,0.01642760279496124,12
gmdcsa24_robustness_v1,tcnte/frame_drop/0.3,video_fn,0.3333333333333333,0.49236596391733095,12
gmdcsa24_robustness_v1,tcnte/frame_drop/0.3,video_fp,31.75,4.287932326467343,12
gmdcsa24_robustness_v1,tcnte/frame_drop/0.3,video_precision,0.49879534542987286,0.016090716253675433,12
gmdcsa24_robustness_v1,tcnte/frame_drop/0.3,video_recall,0.9884508164078056,0.017120020119637345,12
gmdcsa24_robustness_v1,tcnte/frame_drop/0.3,video_specificity,0.0395837641301351,0.04011858619821309,12
gmdcsa24_robustness_v1,tcnte/frame_drop/0.3,video_tn,1.25,1.2154310870109943,12
gmdcsa24_robustness_v1,tcnte/frame_drop/0.3,video_tp,31.666666666666668,4.8116021397778885,12
gmdcsa24_robustness_v1,tcnte/frame_drop/0.3,window_accuracy,0.607443990303689,0.09055051077852279,12
gmdcsa24_robustness_v1,tcnte/frame_drop/0.3,window_auroc,0.8177747647687419,0.030668956285354414,12
gmdcsa24_robustness_v1,tcnte/frame_drop/0.3,window_f1,0.43605127035258856,0.06689092997910923,12
gmdcsa24_robustness_v1,tcnte/frame_drop/0.3,window_fn,51.166666666666664,29.5599032269708,12
gmdcsa24_robustness_v1,tcnte/frame_drop/0.3,window_fp,720.4166666666666,228.38542316696027,12
gmdcsa24_robustness_v1,tcnte/frame_drop/0.3,window_loss,0.19151156821692475,0.056324778308353425,12
gmdcsa24_robustness_v1,tcnte/frame_drop/0.3,window_precision,0.2981638526989725,0.06922101427650323,12
gmdcsa24_robustness_v1,tcnte/frame_drop/0.3,window_recall,0.8570775226621508,0.06472236683655933,12
gmdcsa24_robustness_v1,tcnte/frame_drop/0.3,window_specificity,0.5568571071197397,0.1170635215389783,12
gmdcsa24_robustness_v1,tcnte/frame_drop/0.3,window_tn,904.0833333333334,280.5901113832428,12
gmdcsa24_robustness_v1,tcnte/frame_drop/0.3,window_tp,291.5833333333333,63.216019737999574,12
gmdcsa24_robustness_v1,tcnte/confidence_noise/0.1,detected_events,30.916666666666668,4.962739956796837,12
gmdcsa24_robustness_v1,tcnte/confidence_noise/0.1,event_recall,0.964318536899182,0.044509008452375126,12
gmdcsa24_robustness_v1,tcnte/confidence_noise/0.1,false_alarms,30.666666666666668,12.331285661300935,12
gmdcsa24_robustness_v1,tcnte/confidence_noise/0.1,false_alarms_per_hour,237.90575026340883,71.22677498762913,12
gmdcsa24_robustness_v1,tcnte/confidence_noise/0.1,mean_detection_delay_seconds,0.21720881685098856,0.2325009413633217,12
gmdcsa24_robustness_v1,tcnte/confidence_noise/0.1,severity,0.1,0.0,12
gmdcsa24_robustness_v1,tcnte/confidence_noise/0.1,total_events,32.0,4.552721463835969,12
gmdcsa24_robustness_v1,tcnte/confidence_noise/0.1,video_accuracy,0.690925428404206,0.04612272427919091,12
gmdcsa24_robustness_v1,tcnte/confidence_noise/0.1,video_auroc,0.8850856841496322,0.0610067344512383,12
gmdcsa24_robustness_v1,tcnte/confidence_noise/0.1,video_f1,0.755604230843222,0.024614280111181913,12
gmdcsa24_robustness_v1,tcnte/confidence_noise/0.1,video_fn,1.0,1.044465935734187,12
gmdcsa24_robustness_v1,tcnte/confidence_noise/0.1,video_fp,19.25,5.327885475154626,12
gmdcsa24_robustness_v1,tcnte/confidence_noise/0.1,video_precision,0.6216313651706177,0.038802859193315394,12
gmdcsa24_robustness_v1,tcnte/confidence_noise/0.1,video_recall,0.9674049566522684,0.03657884992260377,12
gmdcsa24_robustness_v1,tcnte/confidence_noise/0.1,video_specificity,0.42242125034463746,0.11537296186546556,12
gmdcsa24_robustness_v1,tcnte/confidence_noise/0.1,video_tn,13.75,3.387812380766197,12
gmdcsa24_robustness_v1,tcnte/confidence_noise/0.1,video_tp,31.0,4.824181513244218,12
gmdcsa24_robustness_v1,tcnte/confidence_noise/0.1,window_accuracy,0.8553947931933741,0.027825754737356215,12
gmdcsa24_robustness_v1,tcnte/confidence_noise/0.1,window_auroc,0.867952220103507,0.04246317772037294,12
gmdcsa24_robustness_v1,tcnte/confidence_noise/0.1,window_f1,0.6284291087236674,0.06785538366455557,12
gmdcsa24_robustness_v1,tcnte/confidence_noise/0.1,window_fn,101.58333333333333,47.11583083371782,12
gmdcsa24_robustness_v1,tcnte/confidence_noise/0.1,window_fp,186.66666666666666,85.01051628350389,12
gmdcsa24_robustness_v1,tcnte/confidence_noise/0.1,window_loss,0.1087968419832941,0.04736399201276106,12
gmdcsa24_robustness_v1,tcnte/confidence_noise/0.1,window_precision,0.5787518036874222,0.10322829751134364,12
gmdcsa24_robustness_v1,tcnte/confidence_noise/0.1,window_recall,0.7092175087634056,0.10052050164130735,12
gmdcsa24_robustness_v1,tcnte/confidence_noise/0.1,window_specificity,0.8882883447043175,0.03605182745219889,12
gmdcsa24_robustness_v1,tcnte/confidence_noise/0.1,window_tn,1437.8333333333333,298.4547577510575,12
gmdcsa24_robustness_v1,tcnte/confidence_noise/0.1,window_tp,241.16666666666666,58.55973381294031,12
gmdcsa24_robustness_v1,tcnte/confidence_noise/0.2,detected_events,31.0,4.880387465988926,12
gmdcsa24_robustness_v1,tcnte/confidence_noise/0.2,event_recall,0.9674049566522684,0.04567532410509598,12
gmdcsa24_robustness_v1,tcnte/confidence_noise/0.2,false_alarms,31.666666666666668,12.175484558834784,12
gmdcsa24_robustness_v1,tcnte/confidence_noise/0.2,false_alarms_per_hour,247.8487024862947,77.73400433864624,12
gmdcsa24_robustness_v1,tcnte/confidence_noise/0.2,mean_detection_delay_seconds,0.18477619822142594,0.2464696488769172,12
gmdcsa24_robustness_v1,tcnte/confidence_noise/0.2,severity,0.2,0.0,12
gmdcsa24_robustness_v1,tcnte/confidence_noise/0.2,total_events,32.0,4.552721463835969,12
gmdcsa24_robustness_v1,tcnte/confidence_noise/0.2,video_accuracy,0.685382725493082,0.048097420802590815,12
gmdcsa24_robustness_v1,tcnte/confidence_noise/0.2,video_auroc,0.8826967467087045,0.060080380198942816,12
gmdcsa24_robustness_v1,tcnte/confidence_noise/0.2,video_f1,0.7527690495428473,0.029961135423766706,12
gmdcsa24_robustness_v1,tcnte/confidence_noise/0.2,video_fn,0.9166666666666666,1.0836246694508316,12
gmdcsa24_robustness_v1,tcnte/confidence_noise/0.2,video_fp,19.583333333333332,4.581749037477309,12
gmdcsa24_robustness_v1,tcnte/confidence_noise/0.2,video_precision,0.6164127169903681,0.04143182504025817,12
gmdcsa24_robustness_v1,tcnte/confidence_noise/0.2,video_recall,0.9704913764053549,0.03771487357729143,12
gmdcsa24_robustness_v1,tcnte/confidence_noise/0.2,video_specificity,0.4092668700027571,0.10711005424818276,12
gmdcsa24_robustness_v1,tcnte/confidence_noise/0.2,video_tn,13.416666666666666,3.423404295390331,12
gmdcsa24_robustness_v1,tcnte/confidence_noise/0.2,video_tp,31.083333333333332,4.737823307909413,12
gmdcsa24_robustness_v1,tcnte/confidence_noise/0.2,window_accuracy,0.8529952215786194,0.028820449070909995,12
gmdcsa24_robustness_v1,tcnte/confidence_noise/0.2,window_auroc,0.8664035468692179,0.04190342859077502,12
gmdcsa24_robustness_v1,tcnte/confidence_noise/0.2,window_f1,0.6257932723867937,0.06869302328428176,12
gmdcsa24_robustness_v1,tcnte/confidence_noise/0.2,window_fn,101.0,49.93996395673509,12
gmdcsa24_robustness_v1,tcnte/confidence_noise/0.2,window_fp,190.16666666666666,81.03291512301242,12
gmdcsa24_robustness_v1,tcnte/confidence_noise/0.2,window_loss,0.10804147427792966,0.04636825836311637,12
gmdcsa24_robustness_v1,tcnte/confidence_noise/0.2,window_precision,0.5737933988001089,0.1059053958779943,12
gmdcsa24_robustness_v1,tcnte/confidence_noise/0.2,window_recall,0.7129883154812657,0.10570530460528638,12
gmdcsa24_robustness_v1,tcnte/confidence_noise/0.2,window_specificity,0.8846793224689933,0.039709063972669795,12
gmdcsa24_robustness_v1,tcnte/confidence_noise/0.2,window_tn,1434.3333333333333,312.80558392287907,12
gmdcsa24_robustness_v1,tcnte/confidence_noise/0.2,window_tp,241.75,56.48672410398748,12
gmdcsa24_robustness_v1,tcnte/confidence_noise/0.3,detected_events,31.0,5.2048928030180495,12
gmdcsa24_robustness_v1,tcnte/confidence_noise/0.3,event_recall,0.9660570413258585,0.051987220228423385,12
gmdcsa24_robustness_v1,tcnte/confidence_noise/0.3,false_alarms,35.166666666666664,13.030267794173641,12
gmdcsa24_robustness_v1,tcnte/confidence_noise/0.3,false_alarms_per_hour,276.5762363755194,88.28040923604104,12
gmdcsa24_robustness_v1,tcnte/confidence_noise/0.3,mean_detection_delay_seconds,0.18103669012134557,0.27106246032664694,12
gmdcsa24_robustness_v1,tcnte/confidence_noise/0.3,severity,0.3,0.0,12
gmdcsa24_robustness_v1,tcnte/confidence_noise/0.3,total_events,32.0,4.552721463835969,12
gmdcsa24_robustness_v1,tcnte/confidence_noise/0.3,video_accuracy,0.6690465652689761,0.05778856297602133,12
gmdcsa24_robustness_v1,tcnte/confidence_noise/0.3,video_auroc,0.8805206994185183,0.06096587075336255,12
gmdcsa24_robustness_v1,tcnte/confidence_noise/0.3,video_f1,0.7431210981653211,0.037951946855591404,12
gmdcsa24_robustness_v1,tcnte/confidence_noise/0.3,video_fn,0.9166666666666666,1.164500152881315,12
gmdcsa24_robustness_v1,tcnte/confidence_noise/0.3,video_fp,20.583333333333332,4.832810839052218,12
gmdcsa24_robustness_v1,tcnte/confidence_noise/0.3,video_precision,0.6043119602243092,0.04831919832358013,12
gmdcsa24_robustness_v1,tcnte/confidence_noise/0.3,video_recall,0.9691434610789449,0.042408922858214126,12
gmdcsa24_robustness_v1,tcnte/confidence_noise/0.3,video_specificity,0.37826285497656464,0.11991576445802056,12
gmdcsa24_robustness_v1,tcnte/confidence_noise/0.3,video_tn,12.416666666666666,3.8954129979043843,12
gmdcsa24_robustness_v1,tcnte/confidence_noise/0.3,video_tp,31.083333333333332,5.053501636279421,12
gmdcsa24_robustness_v1,tcnte/confidence_noise/0.3,window_accuracy,0.8458666375715752,0.029502260850812305,12
gmdcsa24_robustness_v1,tcnte/confidence_noise/0.3,window_auroc,0.8624169727463903,0.04156534295839859,12
gmdcsa24_robustness_v1,tcnte/confidence_noise/0.3,window_f1,0.6166079600053995,0.0653028073714258,12
gmdcsa24_robustness_v1,tcnte/confidence_noise/0.3,window_fn,99.33333333333333,50.83723283602524,12
gmdcsa24_robustness_v1,tcnte/confidence_noise/0.3,window_fp,204.25,79.6972966348865,12
gmdcsa24_robustness_v1,tcnte/confidence_noise/0.3,window_loss,0.10949302328495353,0.04640014054605078,12
gmdcsa24_robustness_v1,tcnte/confidence_noise/0.3,window_precision,0.5562992430097384,0.10132053378215232,12
gmdcsa24_robustness_v1,tcnte/confidence_noise/0.3,window_recall,0.7185507587378887,0.10730623646018798,12
gmdcsa24_robustness_v1,tcnte/confidence_noise/0.3,window_specificity,0.8747618455384699,0.04326626104847129,12
gmdcsa24_robustness_v1,tcnte/confidence_noise/0.3,window_tn,1420.25,322.4443926689319,12
gmdcsa24_robustness_v1,tcnte/confidence_noise/0.3,window_tp,243.41666666666666,56.12884258290892,12
gmdcsa24_robustness_v1,tcnte/lower_body_missing/1.0,detected_events,31.0,4.177863742936748,12
gmdcsa24_robustness_v1,tcnte/lower_body_missing/1.0,event_recall,0.9743589743589743,0.0888231183368655,12
gmdcsa24_robustness_v1,tcnte/lower_body_missing/1.0,false_alarms,35.0,7.531750973530174,12
gmdcsa24_robustness_v1,tcnte/lower_body_missing/1.0,false_alarms_per_hour,276.4888262338643,20.789700667489136,12
gmdcsa24_robustness_v1,tcnte/lower_body_missing/1.0,mean_detection_delay_seconds,-1.239616456820758,0.7206958419806948,12
gmdcsa24_robustness_v1,tcnte/lower_body_missing/1.0,severity,1.0,0.0,12
gmdcsa24_robustness_v1,tcnte/lower_body_missing/1.0,total_events,32.0,4.552721463835969,12
gmdcsa24_robustness_v1,tcnte/lower_body_missing/1.0,video_accuracy,0.48823179744232376,0.013764016476156545,12
gmdcsa24_robustness_v1,tcnte/lower_body_missing/1.0,video_auroc,0.5481258142578204,0.10283680159949606,12
gmdcsa24_robustness_v1,tcnte/lower_body_missing/1.0,video_f1,0.6502606805133401,0.02934496391477887,12
gmdcsa24_robustness_v1,tcnte/lower_body_missing/1.0,video_fn,1.0,3.4641016151377544,12
gmdcsa24_robustness_v1,tcnte/lower_body_missing/1.0,video_fp,32.25,3.250874008352495,12
gmdcsa24_robustness_v1,tcnte/lower_body_missing/1.0,video_precision,0.4892439431913116,0.011949646173198663,12
gmdcsa24_robustness_v1,tcnte/lower_body_missing/1.0,video_recall,0.9743589743589743,0.0888231183368655,12
gmdcsa24_robustness_v1,tcnte/lower_body_missing/1.0,video_specificity,0.019230769230769232,0.06661733875264914,12
gmdcsa24_robustness_v1,tcnte/lower_body_missing/1.0,video_tn,0.75,2.598076211353316,12
gmdcsa24_robustness_v1,tcnte/lower_body_missing/1.0,video_tp,31.0,4.177863742936748,12
gmdcsa24_robustness_v1,tcnte/lower_body_missing/1.0,window_accuracy,0.21776877491839589,0.13594309594567072,12
gmdcsa24_robustness_v1,tcnte/lower_body_missing/1.0,window_auroc,0.61036130428462,0.06205126846299211,12
gmdcsa24_robustness_v1,tcnte/lower_body_missing/1.0,window_f1,0.29077647679560986,0.049108344931089724,12
gmdcsa24_robustness_v1,tcnte/lower_body_missing/1.0,window_fn,27.416666666666668,94.34507101191045,12
gmdcsa24_robustness_v1,tcnte/lower_body_missing/1.0,window_fp,1484.0,402.4319253556489,12
gmdcsa24_robustness_v1,tcnte/lower_body_missing/1.0,window_loss,1.610452374480614,0.8834559824425476,12
gmdcsa24_robustness_v1,tcnte/lower_body_missing/1.0,window_precision,0.17516423302266562,0.028938684469435472,12
gmdcsa24_robustness_v1,tcnte/lower_body_missing/1.0,window_recall,0.9392700256628036,0.20870569655050145,12
gmdcsa24_robustness_v1,tcnte/lower_body_missing/1.0,window_specificity,0.0639564512206221,0.20477728909684825,12
gmdcsa24_robustness_v1,tcnte/lower_body_missing/1.0,window_tn,140.5,453.0549836187857,12
gmdcsa24_robustness_v1,tcnte/lower_body_missing/1.0,window_tp,315.3333333333333,95.27504045306584,12
gmdcsa24_external_le2i_v1,masked_bimamba/clean/0.0,detected_events,122.41666666666667,4.756972553924174,12
gmdcsa24_external_le2i_v1,masked_bimamba/clean/0.0,event_recall,0.9416666666666667,0.03659209656864749,12
gmdcsa24_external_le2i_v1,masked_bimamba/clean/0.0,false_alarms,218.0,26.488419425031076,12
gmdcsa24_external_le2i_v1,masked_bimamba/clean/0.0,false_alarms_per_hour,285.6310962294364,34.70603797136112,12
gmdcsa24_external_le2i_v1,masked_bimamba/clean/0.0,mean_detection_delay_seconds,0.14265557442613147,0.058828207396560334,12
gmdcsa24_external_le2i_v1,masked_bimamba/clean/0.0,severity,0.0,0.0,12
gmdcsa24_external_le2i_v1,masked_bimamba/clean/0.0,total_events,130.0,0.0,12
gmdcsa24_external_le2i_v1,masked_bimamba/clean/0.0,video_accuracy,0.7271929824561404,0.017066881241830825,12
gmdcsa24_external_le2i_v1,masked_bimamba/clean/0.0,video_auroc,0.7571901709401709,0.07900342414501525,12
gmdcsa24_external_le2i_v1,masked_bimamba/clean/0.0,video_f1,0.829878780546199,0.010091325727485294,12
gmdcsa24_external_le2i_v1,masked_bimamba/clean/0.0,video_fn,3.5833333333333335,2.5746432527221863,12
gmdcsa24_external_le2i_v1,masked_bimamba/clean/0.0,video_fp,48.25,3.545163158189171,12
gmdcsa24_external_le2i_v1,masked_bimamba/clean/0.0,video_precision,0.7240335492025691,0.01315191962277339,12
gmdcsa24_external_le2i_v1,masked_bimamba/clean/0.0,video_recall,0.9724358974358974,0.019804948097862957,12
gmdcsa24_external_le2i_v1,masked_bimamba/clean/0.0,video_specificity,0.19583333333333333,0.05908605263648618,12
gmdcsa24_external_le2i_v1,masked_bimamba/clean/0.0,video_tn,11.75,3.545163158189171,12
gmdcsa24_external_le2i_v1,masked_bimamba/clean/0.0,video_tp,126.41666666666667,2.5746432527221863,12
gmdcsa24_external_le2i_v1,masked_bimamba/clean/0.0,window_accuracy,0.83266139657444,0.024413206135574794,12
gmdcsa24_external_le2i_v1,masked_bimamba/clean/0.0,window_auroc,0.8322892589647338,0.03932792170994067,12
gmdcsa24_external_le2i_v1,masked_bimamba/clean/0.0,window_f1,0.46868996294209386,0.054005369391612504,12
gmdcsa24_external_le2i_v1,masked_bimamba/clean/0.0,window_fn,410.9166666666667,87.19722507400141,12
gmdcsa24_external_le2i_v1,masked_bimamba/clean/0.0,window_fp,1705.9166666666667,261.8009161499816,12
gmdcsa24_external_le2i_v1,masked_bimamba/clean/0.0,window_loss,0.2696032407936365,0.1482799011264985,12
gmdcsa24_external_le2i_v1,masked_bimamba/clean/0.0,window_precision,0.35503474760396136,0.047901364056798235,12
gmdcsa24_external_le2i_v1,masked_bimamba/clean/0.0,window_recall,0.692887394120578,0.06516982442003097,12
gmdcsa24_external_le2i_v1,masked_bimamba/clean/0.0,window_specificity,0.8491940711928336,0.023143645345649,12
gmdcsa24_external_le2i_v1,masked_bimamba/clean/0.0,window_tn,9606.083333333334,261.8009161499816,12
gmdcsa24_external_le2i_v1,masked_bimamba/clean/0.0,window_tp,927.0833333333334,87.19722507400141,12
gmdcsa24_external_le2i_v1,masked_bimamba/random_joint_drop/0.1,detected_events,127.91666666666667,4.2094770423054895,12
gmdcsa24_external_le2i_v1,masked_bimamba/random_joint_drop/0.1,event_recall,0.983974358974359,0.03238059263311916,12
gmdcsa24_external_le2i_v1,masked_bimamba/random_joint_drop/0.1,false_alarms,301.4166666666667,99.32907505617452,12
gmdcsa24_external_le2i_v1,masked_bimamba/random_joint_drop/0.1,false_alarms_per_hour,394.9264812927644,130.14436970528027,12
gmdcsa24_external_le2i_v1,masked_bimamba/random_joint_drop/0.1,mean_detection_delay_seconds,-2.0169493974687898,2.242204077354342,12
gmdcsa24_external_le2i_v1,masked_bimamba/random_joint_drop/0.1,severity,0.1,0.0,12
gmdcsa24_external_le2i_v1,masked_bimamba/random_joint_drop/0.1,total_events,130.0,0.0,12
gmdcsa24_external_le2i_v1,masked_bimamba/random_joint_drop/0.1,video_accuracy,0.6912280701754386,0.013340046996061547,12
gmdcsa24_external_le2i_v1,masked_bimamba/random_joint_drop/0.1,video_auroc,0.6892948717948718,0.13615202984754216,12
gmdcsa24_external_le2i_v1,masked_bimamba/random_joint_drop/0.1,video_f1,0.814793673136477,0.005479468880571641,12
gmdcsa24_external_le2i_v1,masked_bimamba/random_joint_drop/0.1,video_fn,1.0,2.0449494325821806,12
gmdcsa24_external_le2i_v1,masked_bimamba/random_joint_drop/0.1,video_fp,57.666666666666664,4.119429204355498,12
gmdcsa24_external_le2i_v1,masked_bimamba/random_joint_drop/0.1,video_precision,0.6914355377479445,0.012882389825003776,12
gmdcsa24_external_le2i_v1,masked_bimamba/random_joint_drop/0.1,video_recall,0.9923076923076923,0.01573038025063216,12
gmdcsa24_external_le2i_v1,masked_bimamba/random_joint_drop/0.1,video_specificity,0.03888888888888889,0.06865715340592496,12
gmdcsa24_external_le2i_v1,masked_bimamba/random_joint_drop/0.1,video_tn,2.3333333333333335,4.119429204355498,12
gmdcsa24_external_le2i_v1,masked_bimamba/random_joint_drop/0.1,video_tp,129.0,2.0449494325821806,12
gmdcsa24_external_le2i_v1,masked_bimamba/random_joint_drop/0.1,window_accuracy,0.6079314888010541,0.19795589212452622,12
gmdcsa24_external_le2i_v1,masked_bimamba/random_joint_drop/0.1,window_auroc,0.7845636211202799,0.09437411872000105,12
gmdcsa24_external_le2i_v1,masked_bimamba/random_joint_drop/0.1,window_f1,0.3334247840169486,0.11060604670669832,12
gmdcsa24_external_le2i_v1,masked_bimamba/random_joint_drop/0.1,window_fn,286.1666666666667,188.21932725284924,12
gmdcsa24_external_le2i_v1,masked_bimamba/random_joint_drop/0.1,window_fp,4673.5,2630.783481640541,12
gmdcsa24_external_le2i_v1,masked_bimamba/random_joint_drop/0.1,window_loss,0.355553791634039,0.3806429772296318,12
gmdcsa24_external_le2i_v1,masked_bimamba/random_joint_drop/0.1,window_precision,0.22888553296509137,0.11146317639567148,12
gmdcsa24_external_le2i_v1,masked_bimamba/random_joint_drop/0.1,window_recall,0.786123567513702,0.14067214293934918,12
gmdcsa24_external_le2i_v1,masked_bimamba/random_joint_drop/0.1,window_specificity,0.5868546676096181,0.23256572503894457,12
gmdcsa24_external_le2i_v1,masked_bimamba/random_joint_drop/0.1,window_tn,6638.5,2630.783481640541,12
gmdcsa24_external_le2i_v1,masked_bimamba/random_joint_drop/0.1,window_tp,1051.8333333333333,188.21932725284924,12
gmdcsa24_external_le2i_v1,masked_bimamba/random_joint_drop/0.2,detected_events,127.41666666666667,8.32802861462787,12
gmdcsa24_external_le2i_v1,masked_bimamba/random_joint_drop/0.2,event_recall,0.9801282051282051,0.06406175857406053,12
gmdcsa24_external_le2i_v1,masked_bimamba/random_joint_drop/0.2,false_alarms,243.25,140.50307340540147,12
gmdcsa24_external_le2i_v1,masked_bimamba/random_joint_drop/0.2,false_alarms_per_hour,318.71451448536885,184.0919581669257,12
gmdcsa24_external_le2i_v1,masked_bimamba/random_joint_drop/0.2,mean_detection_delay_seconds,-3.1609205696956093,2.8144976244634123,12
gmdcsa24_external_le2i_v1,masked_bimamba/random_joint_drop/0.2,severity,0.2,0.0,12
gmdcsa24_external_le2i_v1,masked_bimamba/random_joint_drop/0.2,total_events,130.0,0.0,12
gmdcsa24_external_le2i_v1,masked_bimamba/random_joint_drop/0.2,video_accuracy,0.6907894736842105,0.015406029882365472,12
gmdcsa24_external_le2i_v1,masked_bimamba/random_joint_drop/0.2,video_auroc,0.6521367521367522,0.12628030992058797,12
gmdcsa24_external_le2i_v1,masked_bimamba/random_joint_drop/0.2,video_f1,0.81395052606255,0.008951358908612409,12
gmdcsa24_external_le2i_v1,masked_bimamba/random_joint_drop/0.2,video_fn,1.4166666666666667,4.907477288111819,12
gmdcsa24_external_le2i_v1,masked_bimamba/random_joint_drop/0.2,video_fp,57.333333333333336,6.169327845122681,12
gmdcsa24_external_le2i_v1,masked_bimamba/random_joint_drop/0.2,video_precision,0.6925140343558103,0.01815234560186487,12
gmdcsa24_external_le2i_v1,masked_bimamba/random_joint_drop/0.2,video_recall,0.9891025641025641,0.03774982529316783,12
gmdcsa24_external_le2i_v1,masked_bimamba/random_joint_drop/0.2,video_specificity,0.04444444444444444,0.10282213075204467,12
gmdcsa24_external_le2i_v1,masked_bimamba/random_joint_drop/0.2,video_tn,2.6666666666666665,6.169327845122681,12
gmdcsa24_external_le2i_v1,masked_bimamba/random_joint_drop/0.2,video_tp,128.58333333333334,4.907477288111819,12
gmdcsa24_external_le2i_v1,masked_bimamba/random_joint_drop/0.2,window_accuracy,0.544407114624506,0.23680375389998495,12
gmdcsa24_external_le2i_v1,masked_bimamba/random_joint_drop/0.2,window_auroc,0.7726125826668189,0.10454834225503944,12
gmdcsa24_external_le2i_v1,masked_bimamba/random_joint_drop/0.2,window_f1,0.31384295127837514,0.11249714743834514,12
gmdcsa24_external_le2i_v1,masked_bimamba/random_joint_drop/0.2,window_fn,256.0,231.62116405105047,12
gmdcsa24_external_le2i_v1,masked_bimamba/random_joint_drop/0.2,window_fp,5507.25,3178.5778445141727,12
gmdcsa24_external_le2i_v1,masked_bimamba/random_joint_drop/0.2,window_loss,0.35389924370967174,0.3543369679140435,12
gmdcsa24_external_le2i_v1,masked_bimamba/random_joint_drop/0.2,window_precision,0.22348127152774755,0.13410570080859993,12
gmdcsa24_external_le2i_v1,masked_bimamba/random_joint_drop/0.2,window_recall,0.8086696562032885,0.17310998808000783,12
gmdcsa24_external_le2i_v1,masked_bimamba/random_joint_drop/0.2,window_specificity,0.5131497524752475,0.28099167649524154,12
gmdcsa24_external_le2i_v1,masked_bimamba/random_joint_drop/0.2,window_tn,5804.75,3178.5778445141727,12
gmdcsa24_external_le2i_v1,masked_bimamba/random_joint_drop/0.2,window_tp,1082.0,231.62116405105047,12
gmdcsa24_external_le2i_v1,masked_bimamba/random_joint_drop/0.3,detected_events,129.16666666666666,2.8867513459481287,12
gmdcsa24_external_le2i_v1,masked_bimamba/random_joint_drop/0.3,event_recall,0.9935897435897436,0.02220577958421636,12
gmdcsa24_external_le2i_v1,masked_bimamba/random_joint_drop/0.3,false_alarms,204.75,135.2493488473655,12
gmdcsa24_external_le2i_v1,masked_bimamba/random_joint_drop/0.3,false_alarms_per_hour,268.2704906099867,177.20834759445168,12
gmdcsa24_external_le2i_v1,masked_bimamba/random_joint_drop/0.3,mean_detection_delay_seconds,-4.308771367521366,2.9044920637114995,12
gmdcsa24_external_le2i_v1,masked_bimamba/random_joint_drop/0.3,severity,0.3,0.0,12
gmdcsa24_external_le2i_v1,masked_bimamba/random_joint_drop/0.3,total_events,130.0,0.0,12
gmdcsa24_external_le2i_v1,masked_bimamba/random_joint_drop/0.3,video_accuracy,0.6877192982456141,0.00934342489051152,12
gmdcsa24_external_le2i_v1,masked_bimamba/random_joint_drop/0.3,video_auroc,0.6291880341880342,0.12959320053601137,12
gmdcsa24_external_le2i_v1,masked_bimamba/random_joint_drop/0.3,video_f1,0.8137482069954762,0.003086660867206796,12
gmdcsa24_external_le2i_v1,masked_bimamba/random_joint_drop/0.3,video_fn,0.4166666666666667,1.4433756729740643,12
gmdcsa24_external_le2i_v1,masked_bimamba/random_joint_drop/0.3,video_fp,58.916666666666664,3.1754264805429417,12
gmdcsa24_external_le2i_v1,masked_bimamba/random_joint_drop/0.3,video_precision,0.6876654524548103,0.009899654229486349,12
gmdcsa24_external_le2i_v1,masked_bimamba/random_joint_drop/0.3,video_recall,0.9967948717948718,0.01110288979210818,12
gmdcsa24_external_le2i_v1,masked_bimamba/random_joint_drop/0.3,video_specificity,0.018055555555555554,0.05292377467571569,12
gmdcsa24_external_le2i_v1,masked_bimamba/random_joint_drop/0.3,video_tn,1.0833333333333333,3.1754264805429417,12
gmdcsa24_external_le2i_v1,masked_bimamba/random_joint_drop/0.3,video_tp,129.58333333333334,1.4433756729740643,12
gmdcsa24_external_le2i_v1,masked_bimamba/random_joint_drop/0.3,window_accuracy,0.45550065876152834,0.2311522061761983,12
gmdcsa24_external_le2i_v1,masked_bimamba/random_joint_drop/0.3,window_auroc,0.7696036847739066,0.09280937158487801,12
gmdcsa24_external_le2i_v1,masked_bimamba/random_joint_drop/0.3,window_f1,0.2824536230916262,0.09555113743565803,12
gmdcsa24_external_le2i_v1,masked_bimamba/random_joint_drop/0.3,window_fn,172.66666666666666,188.6932736351551,12
gmdcsa24_external_le2i_v1,masked_bimamba/random_joint_drop/0.3,window_fp,6715.25,3083.4879342895265,12
gmdcsa24_external_le2i_v1,masked_bimamba/random_joint_drop/0.3,window_loss,0.3940469745758612,0.33138872791388524,12
gmdcsa24_external_le2i_v1,masked_bimamba/random_joint_drop/0.3,window_precision,0.18309658964954426,0.09762727270725445,12
gmdcsa24_external_le2i_v1,masked_bimamba/random_joint_drop/0.3,window_recall,0.8709516691579472,0.14102636295602025,12
gmdcsa24_external_le2i_v1,masked_bimamba/random_joint_drop/0.3,window_specificity,0.4063605021216407,0.27258556703408116,12
gmdcsa24_external_le2i_v1,masked_bimamba/random_joint_drop/0.3,window_tn,4596.75,3083.4879342895265,12
gmdcsa24_external_le2i_v1,masked_bimamba/random_joint_drop/0.3,window_tp,1165.3333333333333,188.6932736351551,12
gmdcsa24_external_le2i_v1,masked_bimamba/frame_drop/0.1,detected_events,123.5,3.424510582152248,12
gmdcsa24_external_le2i_v1,masked_bimamba/frame_drop/0.1,event_recall,0.95,0.02634238909347882,12
gmdcsa24_external_le2i_v1,masked_bimamba/frame_drop/0.1,false_alarms,222.25,26.160779109888214,12
gmdcsa24_external_le2i_v1,masked_bimamba/frame_drop/0.1,false_alarms_per_hour,291.19959237152403,34.27675236409868,12
gmdcsa24_external_le2i_v1,masked_bimamba/frame_drop/0.1,mean_detection_delay_seconds,0.14449424380410358,0.071728463632279,12
gmdcsa24_external_le2i_v1,masked_bimamba/frame_drop/0.1,severity,0.1,0.0,12
gmdcsa24_external_le2i_v1,masked_bimamba/frame_drop/0.1,total_events,130.0,0.0,12
gmdcsa24_external_le2i_v1,masked_bimamba/frame_drop/0.1,video_accuracy,0.7223684210526315,0.013857024361315385,12
gmdcsa24_external_le2i_v1,masked_bimamba/frame_drop/0.1,video_auroc,0.7593055555555556,0.07286470757332651,12
gmdcsa24_external_le2i_v1,masked_bimamba/frame_drop/0.1,video_f1,0.8277810845181962,0.00765634512684728,12
gmdcsa24_external_le2i_v1,masked_bimamba/frame_drop/0.1,video_fn,3.25,1.8647446815241833,12
gmdcsa24_external_le2i_v1,masked_bimamba/frame_drop/0.1,video_fp,49.5,3.060005941764879,12
gmdcsa24_external_le2i_v1,masked_bimamba/frame_drop/0.1,video_precision,0.7193595923612122,0.011343079329904814,12
gmdcsa24_external_le2i_v1,masked_bimamba/frame_drop/0.1,video_recall,0.975,0.014344189857878347,12
gmdcsa24_external_le2i_v1,masked_bimamba/frame_drop/0.1,video_specificity,0.175,0.05100009902941465,12
gmdcsa24_external_le2i_v1,masked_bimamba/frame_drop/0.1,video_tn,10.5,3.060005941764879,12
gmdcsa24_external_le2i_v1,masked_bimamba/frame_drop/0.1,video_tp,126.75,1.8647446815241833,12
gmdcsa24_external_le2i_v1,masked_bimamba/frame_drop/0.1,window_accuracy,0.8333069828722003,0.02491767121565048,12
gmdcsa24_external_le2i_v1,masked_bimamba/frame_drop/0.1,window_auroc,0.8372407643350818,0.03621581624133615,12
gmdcsa24_external_le2i_v1,masked_bimamba/frame_drop/0.1,window_f1,0.47244444813153785,0.050176645803781623,12
gmdcsa24_external_le2i_v1,masked_bimamba/frame_drop/0.1,window_fn,401.25,80.10802365896599,12
gmdcsa24_external_le2i_v1,masked_bimamba/frame_drop/0.1,window_fp,1707.4166666666667,285.1667640755727,12
gmdcsa24_external_le2i_v1,masked_bimamba/frame_drop/0.1,window_loss,0.22995651236519324,0.12829780695191548,12
gmdcsa24_external_le2i_v1,masked_bimamba/frame_drop/0.1,window_precision,0.3577381668885011,0.04636949396527266,12
gmdcsa24_external_le2i_v1,masked_bimamba/frame_drop/0.1,window_recall,0.7001121076233184,0.0598714676075979,12
gmdcsa24_external_le2i_v1,masked_bimamba/frame_drop/0.1,window_specificity,0.8490614686468647,0.025209225961419078,12
gmdcsa24_external_le2i_v1,masked_bimamba/frame_drop/0.1,window_tn,9604.583333333334,285.1667640755727,12
gmdcsa24_external_le2i_v1,masked_bimamba/frame_drop/0.1,window_tp,936.75,80.10802365896599,12
gmdcsa24_external_le2i_v1,masked_bimamba/frame_drop/0.2,detected_events,124.16666666666667,2.6911752530120077,12
gmdcsa24_external_le2i_v1,masked_bimamba/frame_drop/0.2,event_recall,0.9551282051282052,0.020701348100092373,12
gmdcsa24_external_le2i_v1,masked_bimamba/frame_drop/0.2,false_alarms,237.5,22.21997463381254,12
gmdcsa24_external_le2i_v1,masked_bimamba/frame_drop/0.2,false_alarms_per_hour,311.18066676372086,29.11337482956948,12
gmdcsa24_external_le2i_v1,masked_bimamba/frame_drop/0.2,mean_detection_delay_seconds,0.10662233992320165,0.08616646116848362,12
gmdcsa24_external_le2i_v1,masked_bimamba/frame_drop/0.2,severity,0.2,0.0,12
gmdcsa24_external_le2i_v1,masked_bimamba/frame_drop/0.2,total_events,130.0,0.0,12
gmdcsa24_external_le2i_v1,masked_bimamba/frame_drop/0.2,video_accuracy,0.7210526315789474,0.015221027483815193,12
gmdcsa24_external_le2i_v1,masked_bimamba/frame_drop/0.2,video_auroc,0.7657692307692308,0.06502111122295572,12
gmdcsa24_external_le2i_v1,masked_bimamba/frame_drop/0.2,video_f1,0.828058992056756,0.008209452206401917,12
gmdcsa24_external_le2i_v1,masked_bimamba/frame_drop/0.2,video_fn,2.4166666666666665,1.378954368902449,12
gmdcsa24_external_le2i_v1,masked_bimamba/frame_drop/0.2,video_fp,50.583333333333336,2.937479851639476,12
gmdcsa24_external_le2i_v1,masked_bimamba/frame_drop/0.2,video_precision,0.7162669370559163,0.011425794710556623,12
gmdcsa24_external_le2i_v1,masked_bimamba/frame_drop/0.2,video_recall,0.9814102564102565,0.010607341299249621,12
gmdcsa24_external_le2i_v1,masked_bimamba/frame_drop/0.2,video_specificity,0.15694444444444444,0.048957997527324604,12
gmdcsa24_external_le2i_v1,masked_bimamba/frame_drop/0.2,video_tn,9.416666666666666,2.937479851639476,12
gmdcsa24_external_le2i_v1,masked_bimamba/frame_drop/0.2,video_tp,127.58333333333333,1.378954368902449,12
gmdcsa24_external_le2i_v1,masked_bimamba/frame_drop/0.2,window_accuracy,0.8277272727272728,0.024095743568598255,12
gmdcsa24_external_le2i_v1,masked_bimamba/frame_drop/0.2,window_auroc,0.8388454126082051,0.03402332330057858,12
gmdcsa24_external_le2i_v1,masked_bimamba/frame_drop/0.2,window_f1,0.4668220907212478,0.04642404114258702,12
gmdcsa24_external_le2i_v1,masked_bimamba/frame_drop/0.2,window_fn,390.5833333333333,77.95623286450059,12
gmdcsa24_external_le2i_v1,masked_bimamba/frame_drop/0.2,window_fp,1788.6666666666667,280.44974702441897,12
gmdcsa24_external_le2i_v1,masked_bimamba/frame_drop/0.2,window_loss,0.19667535319835086,0.10782114421439473,12
gmdcsa24_external_le2i_v1,masked_bimamba/frame_drop/0.2,window_precision,0.34929166207565204,0.04234547136876995,12
gmdcsa24_external_le2i_v1,masked_bimamba/frame_drop/0.2,window_recall,0.7080842052815147,0.0582632532619586,12
gmdcsa24_external_le2i_v1,masked_bimamba/frame_drop/0.2,window_specificity,0.8418788307402169,0.024792233647844667,12
gmdcsa24_external_le2i_v1,masked_bimamba/frame_drop/0.2,window_tn,9523.333333333334,280.44974702441897,12
gmdcsa24_external_le2i_v1,masked_bimamba/frame_drop/0.2,window_tp,947.4166666666666,77.95623286450059,12
gmdcsa24_external_le2i_v1,masked_bimamba/frame_drop/0.3,detected_events,124.83333333333333,3.1285585799020588,12
gmdcsa24_external_le2i_v1,masked_bimamba/frame_drop/0.3,event_recall,0.9602564102564103,0.024065835230015847,12
gmdcsa24_external_le2i_v1,masked_bimamba/frame_drop/0.3,false_alarms,262.1666666666667,18.580700316253537,12
gmdcsa24_external_le2i_v1,masked_bimamba/frame_drop/0.3,false_alarms_per_hour,343.49978162760203,24.3450724772575,12
gmdcsa24_external_le2i_v1,masked_bimamba/frame_drop/0.3,mean_detection_delay_seconds,0.03425908151674122,0.11176049364061588,12
gmdcsa24_external_le2i_v1,masked_bimamba/frame_drop/0.3,severity,0.3,0.0,12
gmdcsa24_external_le2i_v1,masked_bimamba/frame_drop/0.3,total_events,130.0,0.0,12
gmdcsa24_external_le2i_v1,masked_bimamba/frame_drop/0.3,video_accuracy,0.7118421052631579,0.015241694197317223,12
gmdcsa24_external_le2i_v1,masked_bimamba/frame_drop/0.3,video_auroc,0.7750747863247863,0.06181011472655193,12
gmdcsa24_external_le2i_v1,masked_bimamba/frame_drop/0.3,video_f1,0.8243119545487502,0.008577315180851036,12
gmdcsa24_external_le2i_v1,masked_bimamba/frame_drop/0.3,video_fn,1.5833333333333333,1.2401124093721456,12
gmdcsa24_external_le2i_v1,masked_bimamba/frame_drop/0.3,video_fp,53.166666666666664,2.32900030576263,12
gmdcsa24_external_le2i_v1,masked_bimamba/frame_drop/0.3,video_precision,0.7072904331282618,0.00969521759043855,12
gmdcsa24_external_le2i_v1,masked_bimamba/frame_drop/0.3,video_recall,0.9878205128205129,0.00953932622593959,12
gmdcsa24_external_le2i_v1,masked_bimamba/frame_drop/0.3,video_specificity,0.11388888888888889,0.038816671762710496,12
gmdcsa24_external_le2i_v1,masked_bimamba/frame_drop/0.3,video_tn,6.833333333333333,2.32900030576263,12
gmdcsa24_external_le2i_v1,masked_bimamba/frame_drop/0.3,video_tp,128.41666666666666,1.2401124093721456,12
gmdcsa24_external_le2i_v1,masked_bimamba/frame_drop/0.3,window_accuracy,0.8143873517786562,0.02455308249567798,12
gmdcsa24_external_le2i_v1,masked_bimamba/frame_drop/0.3,window_auroc,0.8342956322778339,0.03397782695495231,12
gmdcsa24_external_le2i_v1,masked_bimamba/frame_drop/0.3,window_f1,0.45074288662300005,0.04321791535998611,12
gmdcsa24_external_le2i_v1,masked_bimamba/frame_drop/0.3,window_fn,381.0833333333333,72.5377122397012,12
gmdcsa24_external_le2i_v1,masked_bimamba/frame_drop/0.3,window_fp,1966.9166666666667,290.21824337535844,12
gmdcsa24_external_le2i_v1,masked_bimamba/frame_drop/0.3,window_loss,0.17167683451347499,0.08731395176671286,12
gmdcsa24_external_le2i_v1,masked_bimamba/frame_drop/0.3,window_precision,0.3299897538948807,0.03863265105061989,12
gmdcsa24_external_le2i_v1,masked_bimamba/frame_drop/0.3,window_recall,0.7151843547583457,0.05421353680097249,12
gmdcsa24_external_le2i_v1,masked_bimamba/frame_drop/0.3,window_specificity,0.826121228194248,0.025655785305459557,12
gmdcsa24_external_le2i_v1,masked_bimamba/frame_drop/0.3,window_tn,9345.083333333334,290.21824337535844,12
gmdcsa24_external_le2i_v1,masked_bimamba/frame_drop/0.3,window_tp,956.9166666666666,72.5377122397012,12
gmdcsa24_external_le2i_v1,masked_bimamba/confidence_noise/0.1,detected_events,123.33333333333333,4.438126822992973,12
gmdcsa24_external_le2i_v1,masked_bimamba/confidence_noise/0.1,event_recall,0.9487179487179487,0.03413943709994593,12
gmdcsa24_external_le2i_v1,masked_bimamba/confidence_noise/0.1,false_alarms,233.83333333333334,28.280521190173967,12
gmdcsa24_external_le2i_v1,masked_bimamba/confidence_noise/0.1,false_alarms_per_hour,306.37647401368446,37.05411132793209,12
gmdcsa24_external_le2i_v1,masked_bimamba/confidence_noise/0.1,mean_detection_delay_seconds,0.10416176992410081,0.07908669126322099,12
gmdcsa24_external_le2i_v1,masked_bimamba/confidence_noise/0.1,severity,0.1,0.0,12
gmdcsa24_external_le2i_v1,masked_bimamba/confidence_noise/0.1,total_events,130.0,0.0,12
gmdcsa24_external_le2i_v1,masked_bimamba/confidence_noise/0.1,video_accuracy,0.718421052631579,0.01731105503839765,12
gmdcsa24_external_le2i_v1,masked_bimamba/confidence_noise/0.1,video_auroc,0.7567307692307692,0.0823987489118987,12
gmdcsa24_external_le2i_v1,masked_bimamba/confidence_noise/0.1,video_f1,0.82586197780587,0.0096211757885548,12
gmdcsa24_external_le2i_v1,masked_bimamba/confidence_noise/0.1,video_fn,3.1666666666666665,2.4058010698889443,12
gmdcsa24_external_le2i_v1,masked_bimamba/confidence_noise/0.1,video_fp,50.333333333333336,3.8455011101128016,12
gmdcsa24_external_le2i_v1,masked_bimamba/confidence_noise/0.1,video_precision,0.7162242237710295,0.013946127307719488,12
gmdcsa24_external_le2i_v1,masked_bimamba/confidence_noise/0.1,video_recall,0.9756410256410257,0.0185061620760688,12
gmdcsa24_external_le2i_v1,masked_bimamba/confidence_noise/0.1,video_specificity,0.1611111111111111,0.06409168516854669,12
gmdcsa24_external_le2i_v1,masked_bimamba/confidence_noise/0.1,video_tn,9.666666666666666,3.8455011101128016,12
gmdcsa24_external_le2i_v1,masked_bimamba/confidence_noise/0.1,video_tp,126.83333333333333,2.4058010698889443,12
gmdcsa24_external_le2i_v1,masked_bimamba/confidence_noise/0.1,window_accuracy,0.8241436100131753,0.027408266331792795,12
gmdcsa24_external_le2i_v1,masked_bimamba/confidence_noise/0.1,window_auroc,0.829886203957119,0.041017234214802245,12
gmdcsa24_external_le2i_v1,masked_bimamba/confidence_noise/0.1,window_f1,0.4594119089986553,0.05548202055269263,12
gmdcsa24_external_le2i_v1,masked_bimamba/confidence_noise/0.1,window_fn,401.25,85.66013711703414,12
gmdcsa24_external_le2i_v1,masked_bimamba/confidence_noise/0.1,window_fp,1823.3333333333333,298.8871277782219,12
gmdcsa24_external_le2i_v1,masked_bimamba/confidence_noise/0.1,window_loss,0.27455048857320574,0.1506310267724542,12
gmdcsa24_external_le2i_v1,masked_bimamba/confidence_noise/0.1,window_precision,0.3428168982878041,0.0488119014289454,12
gmdcsa24_external_le2i_v1,masked_bimamba/confidence_noise/0.1,window_recall,0.7001121076233183,0.06402102923545151,12
gmdcsa24_external_le2i_v1,masked_bimamba/confidence_noise/0.1,window_specificity,0.8388142385667138,0.0264221294004793,12
gmdcsa24_external_le2i_v1,masked_bimamba/confidence_noise/0.1,window_tn,9488.666666666666,298.8871277782219,12
gmdcsa24_external_le2i_v1,masked_bimamba/confidence_noise/0.1,window_tp,936.75,85.66013711703414,12
gmdcsa24_external_le2i_v1,masked_bimamba/confidence_noise/0.2,detected_events,124.25,4.3090813195136874,12
gmdcsa24_external_le2i_v1,masked_bimamba/confidence_noise/0.2,event_recall,0.9557692307692308,0.03314677938087451,12
gmdcsa24_external_le2i_v1,masked_bimamba/confidence_noise/0.2,false_alarms,255.58333333333334,34.57392168392328,12
gmdcsa24_external_le2i_v1,masked_bimamba/confidence_noise/0.2,false_alarms_per_hour,334.87407191730944,45.2999410620628,12
gmdcsa24_external_le2i_v1,masked_bimamba/confidence_noise/0.2,mean_detection_delay_seconds,0.047868100601309825,0.11882948962255488,12
gmdcsa24_external_le2i_v1,masked_bimamba/confidence_noise/0.2,severity,0.2,0.0,12
gmdcsa24_external_le2i_v1,masked_bimamba/confidence_noise/0.2,total_events,130.0,0.0,12
gmdcsa24_external_le2i_v1,masked_bimamba/confidence_noise/0.2,video_accuracy,0.7074561403508772,0.01701145914665551,12
gmdcsa24_external_le2i_v1,masked_bimamba/confidence_noise/0.2,video_auroc,0.7554967948717949,0.08630889919977568,12
gmdcsa24_external_le2i_v1,masked_bimamba/confidence_noise/0.2,video_f1,0.8205595098178776,0.010049444465073833,12
gmdcsa24_external_le2i_v1,masked_bimamba/confidence_noise/0.2,video_fn,2.9166666666666665,2.5746432527221863,12
gmdcsa24_external_le2i_v1,masked_bimamba/confidence_noise/0.2,video_fp,52.666666666666664,3.4728383291777436,12
gmdcsa24_external_le2i_v1,masked_bimamba/confidence_noise/0.2,video_precision,0.7072428612453953,0.012648766949966054,12
gmdcsa24_external_le2i_v1,masked_bimamba/confidence_noise/0.2,video_recall,0.9775641025641026,0.019804948097862967,12
gmdcsa24_external_le2i_v1,masked_bimamba/confidence_noise/0.2,video_specificity,0.12222222222222222,0.05788063881962906,12
gmdcsa24_external_le2i_v1,masked_bimamba/confidence_noise/0.2,video_tn,7.333333333333333,3.4728383291777436,12
gmdcsa24_external_le2i_v1,masked_bimamba/confidence_noise/0.2,video_tp,127.08333333333333,2.5746432527221863,12
gmdcsa24_external_le2i_v1,masked_bimamba/confidence_noise/0.2,window_accuracy,0.8098880105401844,0.03514412878511634,12
gmdcsa24_external_le2i_v1,masked_bimamba/confidence_noise/0.2,window_auroc,0.8256196300483668,0.04364301388976126,12
gmdcsa24_external_le2i_v1,masked_bimamba/confidence_noise/0.2,window_f1,0.445645002018902,0.05905539512038166,12
gmdcsa24_external_le2i_v1,masked_bimamba/confidence_noise/0.2,window_fn,385.4166666666667,82.03486878742294,12
gmdcsa24_external_le2i_v1,masked_bimamba/confidence_noise/0.2,window_fp,2019.5,402.64929472861934,12
gmdcsa24_external_le2i_v1,masked_bimamba/confidence_noise/0.2,window_loss,0.2801943609525501,0.15376112041167556,12
gmdcsa24_external_le2i_v1,masked_bimamba/confidence_noise/0.2,window_precision,0.3256170564164481,0.05218659174469614,12
gmdcsa24_external_le2i_v1,masked_bimamba/confidence_noise/0.2,window_recall,0.7119456900847035,0.06131156112662401,12
gmdcsa24_external_le2i_v1,masked_bimamba/confidence_noise/0.2,window_specificity,0.8214727722772277,0.035594881075726593,12
gmdcsa24_external_le2i_v1,masked_bimamba/confidence_noise/0.2,window_tn,9292.5,402.64929472861934,12
gmdcsa24_external_le2i_v1,masked_bimamba/confidence_noise/0.2,window_tp,952.5833333333334,82.03486878742294,12
gmdcsa24_external_le2i_v1,masked_bimamba/confidence_noise/0.3,detected_events,125.0,3.9542842128966447,12
gmdcsa24_external_le2i_v1,masked_bimamba/confidence_noise/0.3,event_recall,0.9615384615384616,0.03041757086843574,12
gmdcsa24_external_le2i_v1,masked_bimamba/confidence_noise/0.3,false_alarms,281.1666666666667,40.10403138505322,12
gmdcsa24_external_le2i_v1,masked_bimamba/confidence_noise/0.3,false_alarms_per_hour,368.3942349686997,52.54568095290126,12
gmdcsa24_external_le2i_v1,masked_bimamba/confidence_noise/0.3,mean_detection_delay_seconds,-0.007425945448180946,0.18018807477724824,12
gmdcsa24_external_le2i_v1,masked_bimamba/confidence_noise/0.3,severity,0.3,0.0,12
gmdcsa24_external_le2i_v1,masked_bimamba/confidence_noise/0.3,total_events,130.0,0.0,12
gmdcsa24_external_le2i_v1,masked_bimamba/confidence_noise/0.3,video_accuracy,0.7026315789473684,0.01843813288803606,12
gmdcsa24_external_le2i_v1,masked_bimamba/confidence_noise/0.3,video_auroc,0.7533867521367521,0.09356870565878514,12
gmdcsa24_external_le2i_v1,masked_bimamba/confidence_noise/0.3,video_f1,0.8187832969930547,0.009698049510296429,12
gmdcsa24_external_le2i_v1,masked_bimamba/confidence_noise/0.3,video_fn,2.4166666666666665,1.880924981991251,12
gmdcsa24_external_le2i_v1,masked_bimamba/confidence_noise/0.3,video_fp,54.083333333333336,3.8720051965905524,12
gmdcsa24_external_le2i_v1,masked_bimamba/confidence_noise/0.3,video_precision,0.7026002227987098,0.014282160988657639,12
gmdcsa24_external_le2i_v1,masked_bimamba/confidence_noise/0.3,video_recall,0.9814102564102565,0.014468653707625026,12
gmdcsa24_external_le2i_v1,masked_bimamba/confidence_noise/0.3,video_specificity,0.09861111111111111,0.06453341994317588,12
gmdcsa24_external_le2i_v1,masked_bimamba/confidence_noise/0.3,video_tn,5.916666666666667,3.8720051965905524,12
gmdcsa24_external_le2i_v1,masked_bimamba/confidence_noise/0.3,video_tp,127.58333333333333,1.880924981991251,12
gmdcsa24_external_le2i_v1,masked_bimamba/confidence_noise/0.3,window_accuracy,0.7933333333333333,0.04431018459159901,12
gmdcsa24_external_le2i_v1,masked_bimamba/confidence_noise/0.3,window_auroc,0.8201228982903895,0.04685667921164017,12
gmdcsa24_external_le2i_v1,masked_bimamba/confidence_noise/0.3,window_f1,0.43025588956460986,0.062123591392923845,12
gmdcsa24_external_le2i_v1,masked_bimamba/confidence_noise/0.3,window_fn,371.5833333333333,78.75792408425076,12
gmdcsa24_external_le2i_v1,masked_bimamba/confidence_noise/0.3,window_fp,2242.75,527.7708051107722,12
gmdcsa24_external_le2i_v1,masked_bimamba/confidence_noise/0.3,window_loss,0.2850338168022134,0.15845351688226456,12
gmdcsa24_external_le2i_v1,masked_bimamba/confidence_noise/0.3,window_precision,0.3080913447924792,0.05476015385714929,12
gmdcsa24_external_le2i_v1,masked_bimamba/confidence_noise/0.3,window_recall,0.7222845042351769,0.058862424577167984,12
gmdcsa24_external_le2i_v1,masked_bimamba/confidence_noise/0.3,window_specificity,0.8017370933521923,0.04665583496382358,12
gmdcsa24_external_le2i_v1,masked_bimamba/confidence_noise/0.3,window_tn,9069.25,527.7708051107722,12
gmdcsa24_external_le2i_v1,masked_bimamba/confidence_noise/0.3,window_tp,966.4166666666666,78.75792408425076,12
gmdcsa24_external_le2i_v1,masked_bimamba/lower_body_missing/1.0,detected_events,126.0,13.856406460551018,12
gmdcsa24_external_le2i_v1,masked_bimamba/lower_body_missing/1.0,event_recall,0.9692307692307692,0.10658774200423861,12
gmdcsa24_external_le2i_v1,masked_bimamba/lower_body_missing/1.0,false_alarms,127.33333333333333,94.84181407464588,12
gmdcsa24_external_le2i_v1,masked_bimamba/lower_body_missing/1.0,false_alarms_per_hour,166.8365118649002,124.26500606664905,12
gmdcsa24_external_le2i_v1,masked_bimamba/lower_body_missing/1.0,mean_detection_delay_seconds,-5.449762351469667,2.7952439173325163,12
gmdcsa24_external_le2i_v1,masked_bimamba/lower_body_missing/1.0,severity,1.0,0.0,12
gmdcsa24_external_le2i_v1,masked_bimamba/lower_body_missing/1.0,total_events,130.0,0.0,12
gmdcsa24_external_le2i_v1,masked_bimamba/lower_body_missing/1.0,video_accuracy,0.6793859649122808,0.027344333652379225,12
gmdcsa24_external_le2i_v1,masked_bimamba/lower_body_missing/1.0,video_auroc,0.40159188034188037,0.08096152154346753,12
gmdcsa24_external_le2i_v1,masked_bimamba/lower_body_missing/1.0,video_f1,0.806732837363335,0.024998580559421852,12
gmdcsa24_external_le2i_v1,masked_bimamba/lower_body_missing/1.0,video_fn,2.25,7.794228634059948,12
gmdcsa24_external_le2i_v1,masked_bimamba/lower_body_missing/1.0,video_fp,58.666666666666664,2.9644356609443876,12
gmdcsa24_external_le2i_v1,masked_bimamba/lower_body_missing/1.0,video_precision,0.6851227443124643,0.0056721599924614485,12
gmdcsa24_external_le2i_v1,masked_bimamba/lower_body_missing/1.0,video_recall,0.9826923076923076,0.05995560487738422,12
gmdcsa24_external_le2i_v1,masked_bimamba/lower_body_missing/1.0,video_specificity,0.02222222222222222,0.04940726101573979,12
gmdcsa24_external_le2i_v1,masked_bimamba/lower_body_missing/1.0,video_tn,1.3333333333333333,2.9644356609443876,12
gmdcsa24_external_le2i_v1,masked_bimamba/lower_body_missing/1.0,video_tp,127.75,7.794228634059948,12
gmdcsa24_external_le2i_v1,masked_bimamba/lower_body_missing/1.0,window_accuracy,0.2879117259552042,0.19315769981646116,12
gmdcsa24_external_le2i_v1,masked_bimamba/lower_body_missing/1.0,window_auroc,0.6309722267370075,0.07476463303220925,12
gmdcsa24_external_le2i_v1,masked_bimamba/lower_body_missing/1.0,window_f1,0.21453454238022793,0.030700059529459027,12
gmdcsa24_external_le2i_v1,masked_bimamba/lower_body_missing/1.0,window_fn,126.41666666666667,264.85552093489946,12
gmdcsa24_external_le2i_v1,masked_bimamba/lower_body_missing/1.0,window_fp,8881.5,2675.609038569112,12
gmdcsa24_external_le2i_v1,masked_bimamba/lower_body_missing/1.0,window_loss,1.672881241035163,1.357735878744974,12
gmdcsa24_external_le2i_v1,masked_bimamba/lower_body_missing/1.0,window_precision,0.12391270804751041,0.020538681967824227,12
gmdcsa24_external_le2i_v1,masked_bimamba/lower_body_missing/1.0,window_recall,0.9055181863477828,0.19794881983176343,12
gmdcsa24_external_le2i_v1,masked_bimamba/lower_body_missing/1.0,window_specificity,0.21486032531824611,0.23652838035441232,12
gmdcsa24_external_le2i_v1,masked_bimamba/lower_body_missing/1.0,window_tn,2430.5,2675.609038569112,12
gmdcsa24_external_le2i_v1,masked_bimamba/lower_body_missing/1.0,window_tp,1211.5833333333333,264.85552093489946,12
gmdcsa24_external_le2i_v1,tcnte/clean/0.0,detected_events,126.08333333333333,2.274696116900546,12
gmdcsa24_external_le2i_v1,tcnte/clean/0.0,event_recall,0.9698717948717949,0.017497662437696505,12
gmdcsa24_external_le2i_v1,tcnte/clean/0.0,false_alarms,223.66666666666666,55.019555752037064,12
gmdcsa24_external_le2i_v1,tcnte/clean/0.0,false_alarms_per_hour,293.05575775221996,72.08851386931624,12
gmdcsa24_external_le2i_v1,tcnte/clean/0.0,mean_detection_delay_seconds,0.12351272955005854,0.15270643189133315,12
gmdcsa24_external_le2i_v1,tcnte/clean/0.0,severity,0.0,0.0,12
gmdcsa24_external_le2i_v1,tcnte/clean/0.0,total_events,130.0,0.0,12
gmdcsa24_external_le2i_v1,tcnte/clean/0.0,video_accuracy,0.7258771929824561,0.03501687425248246,12
gmdcsa24_external_le2i_v1,tcnte/clean/0.0,video_auroc,0.8127991452991453,0.0620943192305422,12
gmdcsa24_external_le2i_v1,tcnte/clean/0.0,video_f1,0.8307092435552804,0.01868614002983882,12
gmdcsa24_external_le2i_v1,tcnte/clean/0.0,video_fn,2.5,1.834021909257456,12
gmdcsa24_external_le2i_v1,tcnte/clean/0.0,video_fp,49.583333333333336,6.612087187091302,12
gmdcsa24_external_le2i_v1,tcnte/clean/0.0,video_precision,0.720937110396528,0.027492223408028687,12
gmdcsa24_external_le2i_v1,tcnte/clean/0.0,video_recall,0.9807692307692307,0.014107860840441987,12
gmdcsa24_external_le2i_v1,tcnte/clean/0.0,video_specificity,0.1736111111111111,0.11020145311818838,12
gmdcsa24_external_le2i_v1,tcnte/clean/0.0,video_tn,10.416666666666666,6.612087187091302,12
gmdcsa24_external_le2i_v1,tcnte/clean/0.0,video_tp,127.5,1.834021909257456,12
gmdcsa24_external_le2i_v1,tcnte/clean/0.0,window_accuracy,0.8416864295125165,0.033337850384447955,12
gmdcsa24_external_le2i_v1,tcnte/clean/0.0,window_auroc,0.8568344064647496,0.027372556375300568,12
gmdcsa24_external_le2i_v1,tcnte/clean/0.0,window_f1,0.49502907867306717,0.05681791572253494,12
gmdcsa24_external_le2i_v1,tcnte/clean/0.0,window_fn,373.75,88.77461246427279,12
gmdcsa24_external_le2i_v1,tcnte/clean/0.0,window_fp,1628.9166666666667,439.1209107323679,12
gmdcsa24_external_le2i_v1,tcnte/clean/0.0,window_loss,0.09555338420386135,0.03046809214354347,12
gmdcsa24_external_le2i_v1,tcnte/clean/0.0,window_precision,0.38176139245713914,0.06721977456390493,12
gmdcsa24_external_le2i_v1,tcnte/clean/0.0,window_recall,0.7206651718983558,0.0663487387625357,12
gmdcsa24_external_le2i_v1,tcnte/clean/0.0,window_specificity,0.8560010018859029,0.038819033834190934,12
gmdcsa24_external_le2i_v1,tcnte/clean/0.0,window_tn,9683.083333333334,439.1209107323679,12
gmdcsa24_external_le2i_v1,tcnte/clean/0.0,window_tp,964.25,88.77461246427279,12
gmdcsa24_external_le2i_v1,tcnte/random_joint_drop/0.1,detected_events,127.08333333333333,6.77506569352026,12
gmdcsa24_external_le2i_v1,tcnte/random_joint_drop/0.1,event_recall,0.9775641025641025,0.052115889950155835,12
gmdcsa24_external_le2i_v1,tcnte/random_joint_drop/0.1,false_alarms,330.5833333333333,95.43056336542514,12
gmdcsa24_external_le2i_v1,tcnte/random_joint_drop/0.1,false_alarms_per_hour,433.14165089532656,125.0364056323811,12
gmdcsa24_external_le2i_v1,tcnte/random_joint_drop/0.1,mean_detection_delay_seconds,-1.4545756116002357,1.7817608710779393,12
gmdcsa24_external_le2i_v1,tcnte/random_joint_drop/0.1,severity,0.1,0.0,12
gmdcsa24_external_le2i_v1,tcnte/random_joint_drop/0.1,total_events,130.0,0.0,12
gmdcsa24_external_le2i_v1,tcnte/random_joint_drop/0.1,video_accuracy,0.6929824561403509,0.012562276661891678,12
gmdcsa24_external_le2i_v1,tcnte/random_joint_drop/0.1,video_auroc,0.7494764957264957,0.11667981250168617,12
gmdcsa24_external_le2i_v1,tcnte/random_joint_drop/0.1,video_f1,0.8150106684491304,0.006094314654200307,12
gmdcsa24_external_le2i_v1,tcnte/random_joint_drop/0.1,video_fn,1.5,3.3439225741362764,12
gmdcsa24_external_le2i_v1,tcnte/random_joint_drop/0.1,video_fp,56.833333333333336,4.783177592227564,12
gmdcsa24_external_le2i_v1,tcnte/random_joint_drop/0.1,video_precision,0.6938535574281002,0.013967912042776594,12
gmdcsa24_external_le2i_v1,tcnte/random_joint_drop/0.1,video_recall,0.9884615384615385,0.02572248133950981,12
gmdcsa24_external_le2i_v1,tcnte/random_joint_drop/0.1,video_specificity,0.05277777777777778,0.07971962653712607,12
gmdcsa24_external_le2i_v1,tcnte/random_joint_drop/0.1,video_tn,3.1666666666666665,4.783177592227564,12
gmdcsa24_external_le2i_v1,tcnte/random_joint_drop/0.1,video_tp,128.5,3.3439225741362764,12
gmdcsa24_external_le2i_v1,tcnte/random_joint_drop/0.1,window_accuracy,0.6756916996047431,0.18381069633424446,12
gmdcsa24_external_le2i_v1,tcnte/random_joint_drop/0.1,window_auroc,0.8338211063258792,0.06099720741711048,12
gmdcsa24_external_le2i_v1,tcnte/random_joint_drop/0.1,window_f1,0.37623420372410626,0.11974932169301407,12
gmdcsa24_external_le2i_v1,tcnte/random_joint_drop/0.1,window_fn,301.3333333333333,233.86255999987893,12
gmdcsa24_external_le2i_v1,tcnte/random_joint_drop/0.1,window_fp,3801.1666666666665,2501.540719176278,12
gmdcsa24_external_le2i_v1,tcnte/random_joint_drop/0.1,window_loss,0.16310463263904762,0.09993430273064624,12
gmdcsa24_external_le2i_v1,tcnte/random_joint_drop/0.1,window_precision,0.27735115217411294,0.13825282244726633,12
gmdcsa24_external_le2i_v1,tcnte/random_joint_drop/0.1,window_recall,0.7747882411559541,0.17478517189826526,12
gmdcsa24_external_le2i_v1,tcnte/random_joint_drop/0.1,window_specificity,0.6639704148986327,0.22114044547173603,12
gmdcsa24_external_le2i_v1,tcnte/random_joint_drop/0.1,window_tn,7510.833333333333,2501.540719176278,12
gmdcsa24_external_le2i_v1,tcnte/random_joint_drop/0.1,window_tp,1036.6666666666667,233.86255999987893,12
gmdcsa24_external_le2i_v1,tcnte/random_joint_drop/0.2,detected_events,129.25,2.3011854652449344,12
gmdcsa24_external_le2i_v1,tcnte/random_joint_drop/0.2,event_recall,0.9942307692307693,0.017701426655730264,12
gmdcsa24_external_le2i_v1,tcnte/random_joint_drop/0.2,false_alarms,306.6666666666667,152.08271274261094,12
gmdcsa24_external_le2i_v1,tcnte/random_joint_drop/0.2,false_alarms_per_hour,401.80521182122556,199.26399980834148,12
gmdcsa24_external_le2i_v1,tcnte/random_joint_drop/0.2,mean_detection_delay_seconds,-2.8364378232010705,2.5245661017065295,12
gmdcsa24_external_le2i_v1,tcnte/random_joint_drop/0.2,severity,0.2,0.0,12
gmdcsa24_external_le2i_v1,tcnte/random_joint_drop/0.2,total_events,130.0,0.0,12
gmdcsa24_external_le2i_v1,tcnte/random_joint_drop/0.2,video_accuracy,0.6842105263157895,0.010284299167562032,12
gmdcsa24_external_le2i_v1,tcnte/random_joint_drop/0.2,video_auroc,0.6851068376068377,0.13770518656517325,12
gmdcsa24_external_le2i_v1,tcnte/random_joint_drop/0.2,video_f1,0.8117914337233463,0.006798359913678654,12
gmdcsa24_external_le2i_v1,tcnte/random_joint_drop/0.2,video_fn,0.5833333333333334,1.7298624923456323,12
gmdcsa24_external_le2i_v1,tcnte/random_joint_drop/0.2,video_fp,59.416666666666664,1.2401124093721456,12
gmdcsa24_external_le2i_v1,tcnte/random_joint_drop/0.2,video_precision,0.685354555719393,0.005011307371323332,12
gmdcsa24_external_le2i_v1,tcnte/random_joint_drop/0.2,video_recall,0.9955128205128205,0.013306634556504847,12
gmdcsa24_external_le2i_v1,tcnte/random_joint_drop/0.2,video_specificity,0.009722222222222222,0.020668540156202425,12
gmdcsa24_external_le2i_v1,tcnte/random_joint_drop/0.2,video_tn,0.5833333333333334,1.2401124093721456,12
gmdcsa24_external_le2i_v1,tcnte/random_joint_drop/0.2,video_tp,129.41666666666666,1.7298624923456323,12
gmdcsa24_external_le2i_v1,tcnte/random_joint_drop/0.2,window_accuracy,0.5749802371541501,0.19953701636300394,12
gmdcsa24_external_le2i_v1,tcnte/random_joint_drop/0.2,window_auroc,0.8057684882437636,0.06850277487724364,12
gmdcsa24_external_le2i_v1,tcnte/random_joint_drop/0.2,window_f1,0.3229850362908712,0.09688477351254454,12
gmdcsa24_external_le2i_v1,tcnte/random_joint_drop/0.2,window_fn,221.58333333333334,183.46833183925446,12
gmdcsa24_external_le2i_v1,tcnte/random_joint_drop/0.2,window_fp,5154.916666666667,2666.653860291219,12
gmdcsa24_external_le2i_v1,tcnte/random_joint_drop/0.2,window_loss,0.24557489699221488,0.19078289513237964,12
gmdcsa24_external_le2i_v1,tcnte/random_joint_drop/0.2,window_precision,0.21321708832543734,0.09646794427118101,12
gmdcsa24_external_le2i_v1,tcnte/random_joint_drop/0.2,window_recall,0.8343921275535625,0.1371213242445848,12
gmdcsa24_external_le2i_v1,tcnte/random_joint_drop/0.2,window_specificity,0.5442966171617162,0.23573672739490975,12
gmdcsa24_external_le2i_v1,tcnte/random_joint_drop/0.2,window_tn,6157.083333333333,2666.653860291219,12
gmdcsa24_external_le2i_v1,tcnte/random_joint_drop/0.2,window_tp,1116.4166666666667,183.46833183925446,12
gmdcsa24_external_le2i_v1,tcnte/random_joint_drop/0.3,detected_events,129.75,0.8660254037844386,12
gmdcsa24_external_le2i_v1,tcnte/random_joint_drop/0.3,event_recall,0.9980769230769231,0.006661733875264921,12
gmdcsa24_external_le2i_v1,tcnte/random_joint_drop/0.3,false_alarms,254.0,171.39640390838798,12
gmdcsa24_external_le2i_v1,tcnte/random_joint_drop/0.3,false_alarms_per_hour,332.7995341388846,224.56946210154183,12
gmdcsa24_external_le2i_v1,tcnte/random_joint_drop/0.3,mean_detection_delay_seconds,-4.073727034120734,2.678711164373473,12
gmdcsa24_external_le2i_v1,tcnte/random_joint_drop/0.3,severity,0.3,0.0,12
gmdcsa24_external_le2i_v1,tcnte/random_joint_drop/0.3,total_events,130.0,0.0,12
gmdcsa24_external_le2i_v1,tcnte/random_joint_drop/0.3,video_accuracy,0.6842105263157895,0.0022442180669011696,12
gmdcsa24_external_le2i_v1,tcnte/random_joint_drop/0.3,video_auroc,0.642275641025641,0.14774696206310417,12
gmdcsa24_external_le2i_v1,tcnte/random_joint_drop/0.3,video_f1,0.812301499988463,0.001659949408076658,12
gmdcsa24_external_le2i_v1,tcnte/random_joint_drop/0.3,video_fn,0.16666666666666666,0.5773502691896257,12
gmdcsa24_external_le2i_v1,tcnte/random_joint_drop/0.3,video_fp,59.833333333333336,0.3892494720807615,12
gmdcsa24_external_le2i_v1,tcnte/random_joint_drop/0.3,video_precision,0.6845356607998507,0.0010408141740941188,12
gmdcsa24_external_le2i_v1,tcnte/random_joint_drop/0.3,video_recall,0.9987179487179487,0.00444115591684326,12
gmdcsa24_external_le2i_v1,tcnte/random_joint_drop/0.3,video_specificity,0.002777777777777778,0.006487491201346025,12
gmdcsa24_external_le2i_v1,tcnte/random_joint_drop/0.3,video_tn,0.16666666666666666,0.3892494720807615,12
gmdcsa24_external_le2i_v1,tcnte/random_joint_drop/0.3,video_tp,129.83333333333334,0.5773502691896257,12
gmdcsa24_external_le2i_v1,tcnte/random_joint_drop/0.3,window_accuracy,0.47203557312252964,0.21938013223535746,12
gmdcsa24_external_le2i_v1,tcnte/random_joint_drop/0.3,window_auroc,0.7750689727044453,0.07298701442198816,12
gmdcsa24_external_le2i_v1,tcnte/random_joint_drop/0.3,window_f1,0.28233387730317766,0.07685567369904227,12
gmdcsa24_external_le2i_v1,tcnte/random_joint_drop/0.3,window_fn,167.66666666666666,151.490973828526,12
gmdcsa24_external_le2i_v1,tcnte/random_joint_drop/0.3,window_fp,6511.083333333333,2908.4349261582197,12
gmdcsa24_external_le2i_v1,tcnte/random_joint_drop/0.3,window_loss,0.4090129565572236,0.42090142640804845,12
gmdcsa24_external_le2i_v1,tcnte/random_joint_drop/0.3,window_precision,0.1749418978956935,0.06507868196704243,12
gmdcsa24_external_le2i_v1,tcnte/random_joint_drop/0.3,window_recall,0.8746885899352267,0.11322195353402542,12
gmdcsa24_external_le2i_v1,tcnte/random_joint_drop/0.3,window_specificity,0.4244091819896275,0.25711058399559933,12
gmdcsa24_external_le2i_v1,tcnte/random_joint_drop/0.3,window_tn,4800.916666666667,2908.4349261582197,12
gmdcsa24_external_le2i_v1,tcnte/random_joint_drop/0.3,window_tp,1170.3333333333333,151.490973828526,12
gmdcsa24_external_le2i_v1,tcnte/frame_drop/0.1,detected_events,128.25,2.0943647333651407,12
gmdcsa24_external_le2i_v1,tcnte/frame_drop/0.1,event_recall,0.9865384615384616,0.01611049794896263,12
gmdcsa24_external_le2i_v1,tcnte/frame_drop/0.1,false_alarms,370.8333333333333,66.72580710140068,12
gmdcsa24_external_le2i_v1,tcnte/frame_drop/0.1,false_alarms_per_hour,485.8785849468624,87.42644692278435,12
gmdcsa24_external_le2i_v1,tcnte/frame_drop/0.1,mean_detection_delay_seconds,-0.45820321011918647,0.3448186138848147,12
gmdcsa24_external_le2i_v1,tcnte/frame_drop/0.1,severity,0.1,0.0,12
gmdcsa24_external_le2i_v1,tcnte/frame_drop/0.1,total_events,130.0,0.0,12
gmdcsa24_external_le2i_v1,tcnte/frame_drop/0.1,video_accuracy,0.6899122807017544,0.011543733607995117,12
gmdcsa24_external_le2i_v1,tcnte/frame_drop/0.1,video_auroc,0.8050961538461539,0.062402613745413574,12
gmdcsa24_external_le2i_v1,tcnte/frame_drop/0.1,video_f1,0.8145133019221946,0.005829359323365275,12
gmdcsa24_external_le2i_v1,tcnte/frame_drop/0.1,video_fn,0.6666666666666666,0.8876253645985945,12
gmdcsa24_external_le2i_v1,tcnte/frame_drop/0.1,video_fp,58.25,2.3011854652449344,12
gmdcsa24_external_le2i_v1,tcnte/frame_drop/0.1,video_precision,0.6895682740085308,0.008253886064135898,12
gmdcsa24_external_le2i_v1,tcnte/frame_drop/0.1,video_recall,0.9948717948717949,0.0068278874199891645,12
gmdcsa24_external_le2i_v1,tcnte/frame_drop/0.1,video_specificity,0.029166666666666667,0.038353091087415574,12
gmdcsa24_external_le2i_v1,tcnte/frame_drop/0.1,video_tn,1.75,2.3011854652449344,12
gmdcsa24_external_le2i_v1,tcnte/frame_drop/0.1,video_tp,129.33333333333334,0.8876253645985945,12
gmdcsa24_external_le2i_v1,tcnte/frame_drop/0.1,window_accuracy,0.7380368906455863,0.04870539068210611,12
gmdcsa24_external_le2i_v1,tcnte/frame_drop/0.1,window_auroc,0.8404696341270897,0.024723009428862432,12
gmdcsa24_external_le2i_v1,tcnte/frame_drop/0.1,window_f1,0.39109426160530947,0.04120735706132213,12
gmdcsa24_external_le2i_v1,tcnte/frame_drop/0.1,window_fn,292.1666666666667,82.2168234645809,12
gmdcsa24_external_le2i_v1,tcnte/frame_drop/0.1,window_fp,3021.6666666666665,659.5173625577659,12
gmdcsa24_external_le2i_v1,tcnte/frame_drop/0.1,window_loss,0.1333698092480049,0.045507639308482596,12
gmdcsa24_external_le2i_v1,tcnte/frame_drop/0.1,window_precision,0.263037655976147,0.040118389258229685,12
gmdcsa24_external_le2i_v1,tcnte/frame_drop/0.1,window_recall,0.7816392625809666,0.061447551169342994,12
gmdcsa24_external_le2i_v1,tcnte/frame_drop/0.1,window_specificity,0.7328795379537953,0.058302454257228235,12
gmdcsa24_external_le2i_v1,tcnte/frame_drop/0.1,window_tn,8290.333333333334,659.5173625577659,12
gmdcsa24_external_le2i_v1,tcnte/frame_drop/0.1,window_tp,1045.8333333333333,82.2168234645809,12
gmdcsa24_external_le2i_v1,tcnte/frame_drop/0.2,detected_events,129.0,1.2792042981336627,12
gmdcsa24_external_le2i_v1,tcnte/frame_drop/0.2,event_recall,0.9923076923076923,0.009840033062566624,12
gmdcsa24_external_le2i_v1,tcnte/frame_drop/0.2,false_alarms,352.0833333333333,42.96607188623756,12
gmdcsa24_external_le2i_v1,tcnte/frame_drop/0.2,false_alarms_per_hour,461.31169020235814,56.295624832746796,12
gmdcsa24_external_le2i_v1,tcnte/frame_drop/0.2,mean_detection_delay_seconds,-1.4217506970177756,0.6832551614179944,12
gmdcsa24_external_le2i_v1,tcnte/frame_drop/0.2,severity,0.2,0.0,12
gmdcsa24_external_le2i_v1,tcnte/frame_drop/0.2,total_events,130.0,0.0,12
gmdcsa24_external_le2i_v1,tcnte/frame_drop/0.2,video_accuracy,0.6846491228070175,0.005703287733951737,12
gmdcsa24_external_le2i_v1,tcnte/frame_drop/0.2,video_auroc,0.7903418803418804,0.06937432955538485,12
gmdcsa24_external_le2i_v1,tcnte/frame_drop/0.2,video_f1,0.8122300028026532,0.0027875351730734764,12
gmdcsa24_external_le2i_v1,tcnte/frame_drop/0.2,video_fn,0.4166666666666667,0.5149286505444373,12
gmdcsa24_external_le2i_v1,tcnte/frame_drop/0.2,video_fp,59.5,1.243163121016122,12
gmdcsa24_external_le2i_v1,tcnte/frame_drop/0.2,video_precision,0.6853524667766154,0.004217674421508382,12
gmdcsa24_external_le2i_v1,tcnte/frame_drop/0.2,video_recall,0.9967948717948718,0.00396098961957258,12
gmdcsa24_external_le2i_v1,tcnte/frame_drop/0.2,video_specificity,0.008333333333333333,0.020719385350268703,12
gmdcsa24_external_le2i_v1,tcnte/frame_drop/0.2,video_tn,0.5,1.243163121016122,12
gmdcsa24_external_le2i_v1,tcnte/frame_drop/0.2,video_tp,129.58333333333334,0.5149286505444373,12
gmdcsa24_external_le2i_v1,tcnte/frame_drop/0.2,window_accuracy,0.6235704874835309,0.0735133959745379,12
gmdcsa24_external_le2i_v1,tcnte/frame_drop/0.2,window_auroc,0.8217405183123213,0.022341988953831084,12
gmdcsa24_external_le2i_v1,tcnte/frame_drop/0.2,window_f1,0.322269598125652,0.03505980449538251,12
gmdcsa24_external_le2i_v1,tcnte/frame_drop/0.2,window_fn,228.66666666666666,74.95129731830511,12
gmdcsa24_external_le2i_v1,tcnte/frame_drop/0.2,window_fp,4533.166666666667,986.1979179319602,12
gmdcsa24_external_le2i_v1,tcnte/frame_drop/0.2,window_loss,0.1883889763743392,0.07384592737693503,12
gmdcsa24_external_le2i_v1,tcnte/frame_drop/0.2,window_precision,0.2013791541282681,0.029679280254360826,12
gmdcsa24_external_le2i_v1,tcnte/frame_drop/0.2,window_recall,0.8290981564524166,0.056017412046565865,12
gmdcsa24_external_le2i_v1,tcnte/frame_drop/0.2,window_specificity,0.599260372465818,0.08718156983132604,12
gmdcsa24_external_le2i_v1,tcnte/frame_drop/0.2,window_tn,6778.833333333333,986.1979179319602,12
gmdcsa24_external_le2i_v1,tcnte/frame_drop/0.2,window_tp,1109.3333333333333,74.95129731830511,12
gmdcsa24_external_le2i_v1,tcnte/frame_drop/0.3,detected_events,129.41666666666666,0.9962049198956219,12
gmdcsa24_external_le2i_v1,tcnte/frame_drop/0.3,event_recall,0.9955128205128205,0.007663114768427858,12
gmdcsa24_external_le2i_v1,tcnte/frame_drop/0.3,false_alarms,278.5833333333333,57.20848368957707,12
gmdcsa24_external_le2i_v1,tcnte/frame_drop/0.3,false_alarms_per_hour,365.0094628039014,74.95652252237493,12
gmdcsa24_external_le2i_v1,tcnte/frame_drop/0.3,mean_detection_delay_seconds,-2.4514189573854708,1.0554711525068998,12
gmdcsa24_external_le2i_v1,tcnte/frame_drop/0.3,severity,0.3,0.0,12
gmdcsa24_external_le2i_v1,tcnte/frame_drop/0.3,total_events,130.0,0.0,12
gmdcsa24_external_le2i_v1,tcnte/frame_drop/0.3,video_accuracy,0.6846491228070175,0.002710150792339152,12
gmdcsa24_external_le2i_v1,tcnte/frame_drop/0.3,video_auroc,0.7787606837606837,0.06793093256556242,12
gmdcsa24_external_le2i_v1,tcnte/frame_drop/0.3,video_f1,0.8126142894461861,0.0015572536432773478,12
gmdcsa24_external_le2i_v1,tcnte/frame_drop/0.3,video_fn,0.08333333333333333,0.28867513459481287,12
gmdcsa24_external_le2i_v1,tcnte/frame_drop/0.3,video_fp,59.833333333333336,0.3892494720807615,12
gmdcsa24_external_le2i_v1,tcnte/frame_drop/0.3,video_precision,0.6846746495869303,0.001549719411033773,12
gmdcsa24_external_le2i_v1,tcnte/frame_drop/0.3,video_recall,0.9993589743589744,0.00222057795842163,12
gmdcsa24_external_le2i_v1,tcnte/frame_drop/0.3,video_specificity,0.002777777777777778,0.006487491201346025,12
gmdcsa24_external_le2i_v1,tcnte/frame_drop/0.3,video_tn,0.16666666666666666,0.3892494720807615,12
gmdcsa24_external_le2i_v1,tcnte/frame_drop/0.3,video_tp,129.91666666666666,0.28867513459481287,12
gmdcsa24_external_le2i_v1,tcnte/frame_drop/0.3,window_accuracy,0.5228392621870883,0.08614181741241926,12
gmdcsa24_external_le2i_v1,tcnte/frame_drop/0.3,window_auroc,0.7996496108211077,0.024934125406756866,12
gmdcsa24_external_le2i_v1,tcnte/frame_drop/0.3,window_f1,0.27820069525478985,0.02717250114253374,12
gmdcsa24_external_le2i_v1,tcnte/frame_drop/0.3,window_fn,194.33333333333334,75.89506312047317,12
gmdcsa24_external_le2i_v1,tcnte/frame_drop/0.3,window_fp,5841.75,1153.3464452311252,12
gmdcsa24_external_le2i_v1,tcnte/frame_drop/0.3,window_loss,0.2439046727834522,0.10419947896149728,12
gmdcsa24_external_le2i_v1,tcnte/frame_drop/0.3,window_precision,0.16695175816372188,0.02125459862351959,12
gmdcsa24_external_le2i_v1,tcnte/frame_drop/0.3,window_recall,0.854758345789736,0.05672276765356738,12
gmdcsa24_external_le2i_v1,tcnte/frame_drop/0.3,window_specificity,0.4835793847241867,0.10195778334787174,12
gmdcsa24_external_le2i_v1,tcnte/frame_drop/0.3,window_tn,5470.25,1153.3464452311252,12
gmdcsa24_external_le2i_v1,tcnte/frame_drop/0.3,window_tp,1143.6666666666667,75.89506312047317,12
gmdcsa24_external_le2i_v1,tcnte/confidence_noise/0.1,detected_events,126.08333333333333,2.5030284687057627,12
gmdcsa24_external_le2i_v1,tcnte/confidence_noise/0.1,event_recall,0.9698717948717949,0.019254065143890487,12
gmdcsa24_external_le2i_v1,tcnte/confidence_noise/0.1,false_alarms,240.66666666666666,63.260404582003645,12
gmdcsa24_external_le2i_v1,tcnte/confidence_noise/0.1,false_alarms_per_hour,315.32974232057046,82.88595737924479,12
gmdcsa24_external_le2i_v1,tcnte/confidence_noise/0.1,mean_detection_delay_seconds,0.09575019646295765,0.18661462303958337,12
gmdcsa24_external_le2i_v1,tcnte/confidence_noise/0.1,severity,0.1,0.0,12
gmdcsa24_external_le2i_v1,tcnte/confidence_noise/0.1,total_events,130.0,0.0,12
gmdcsa24_external_le2i_v1,tcnte/confidence_noise/0.1,video_accuracy,0.7206140350877193,0.03572879272704614,12
gmdcsa24_external_le2i_v1,tcnte/confidence_noise/0.1,video_auroc,0.8138782051282051,0.05881218517227962,12
gmdcsa24_external_le2i_v1,tcnte/confidence_noise/0.1,video_f1,0.8280869317121895,0.019288697048773205,12
gmdcsa24_external_le2i_v1,tcnte/confidence_noise/0.1,video_fn,2.4166666666666665,2.1933093855190746,12
gmdcsa24_external_le2i_v1,tcnte/confidence_noise/0.1,video_fp,50.666666666666664,6.596601512532913,12
gmdcsa24_external_le2i_v1,tcnte/confidence_noise/0.1,video_precision,0.7166556083776052,0.02732196265527032,12
gmdcsa24_external_le2i_v1,tcnte/confidence_noise/0.1,video_recall,0.9814102564102564,0.016871610657839046,12
gmdcsa24_external_le2i_v1,tcnte/confidence_noise/0.1,video_specificity,0.15555555555555556,0.10994335854221522,12
gmdcsa24_external_le2i_v1,tcnte/confidence_noise/0.1,video_tn,9.333333333333334,6.596601512532913,12
gmdcsa24_external_le2i_v1,tcnte/confidence_noise/0.1,video_tp,127.58333333333333,2.1933093855190746,12
gmdcsa24_external_le2i_v1,tcnte/confidence_noise/0.1,window_accuracy,0.8338142292490118,0.03954191725894212,12
gmdcsa24_external_le2i_v1,tcnte/confidence_noise/0.1,window_auroc,0.8547164078395347,0.02572774246376821,12
gmdcsa24_external_le2i_v1,tcnte/confidence_noise/0.1,window_f1,0.48494274996748815,0.05736465105383824,12
gmdcsa24_external_le2i_v1,tcnte/confidence_noise/0.1,window_fn,370.75,94.23483721774313,12
gmdcsa24_external_le2i_v1,tcnte/confidence_noise/0.1,window_fp,1731.5,541.0551139797464,12
gmdcsa24_external_le2i_v1,tcnte/confidence_noise/0.1,window_loss,0.09770583488832428,0.030895260321273117,12
gmdcsa24_external_le2i_v1,tcnte/confidence_noise/0.1,window_precision,0.3708100269470092,0.06988012977508615,12
gmdcsa24_external_le2i_v1,tcnte/confidence_noise/0.1,window_recall,0.7229073243647235,0.07042962422850756,12
gmdcsa24_external_le2i_v1,tcnte/confidence_noise/0.1,window_specificity,0.8469324611032532,0.04783019041546557,12
gmdcsa24_external_le2i_v1,tcnte/confidence_noise/0.1,window_tn,9580.5,541.0551139797464,12
gmdcsa24_external_le2i_v1,tcnte/confidence_noise/0.1,window_tp,967.25,94.23483721774313,12
gmdcsa24_external_le2i_v1,tcnte/confidence_noise/0.2,detected_events,126.58333333333333,2.4293034292807376,12
gmdcsa24_external_le2i_v1,tcnte/confidence_noise/0.2,event_recall,0.9737179487179487,0.018686949456005682,12
gmdcsa24_external_le2i_v1,tcnte/confidence_noise/0.2,false_alarms,270.3333333333333,76.09603183219254,12
gmdcsa24_external_le2i_v1,tcnte/confidence_noise/0.2,false_alarms_per_hour,354.20002911631946,99.70363757311581,12
gmdcsa24_external_le2i_v1,tcnte/confidence_noise/0.2,mean_detection_delay_seconds,0.06166101796260392,0.24900195099190942,12
gmdcsa24_external_le2i_v1,tcnte/confidence_noise/0.2,severity,0.2,0.0,12
gmdcsa24_external_le2i_v1,tcnte/confidence_noise/0.2,total_events,130.0,0.0,12
gmdcsa24_external_le2i_v1,tcnte/confidence_noise/0.2,video_accuracy,0.718859649122807,0.030644740865297757,12
gmdcsa24_external_le2i_v1,tcnte/confidence_noise/0.2,video_auroc,0.8148290598290598,0.05516660811620521,12
gmdcsa24_external_le2i_v1,tcnte/confidence_noise/0.2,video_f1,0.8273560475890458,0.015583358748896601,12
gmdcsa24_external_le2i_v1,tcnte/confidence_noise/0.2,video_fn,2.25,2.137330535547045,12
gmdcsa24_external_le2i_v1,tcnte/confidence_noise/0.2,video_fp,51.166666666666664,6.562058065927645,12
gmdcsa24_external_le2i_v1,tcnte/confidence_noise/0.2,video_precision,0.7149701525406433,0.02539362576053175,12
gmdcsa24_external_le2i_v1,tcnte/confidence_noise/0.2,video_recall,0.9826923076923078,0.016441004119592664,12
gmdcsa24_external_le2i_v1,tcnte/confidence_noise/0.2,video_specificity,0.14722222222222223,0.10936763443212741,12
gmdcsa24_external_le2i_v1,tcnte/confidence_noise/0.2,video_tn,8.833333333333334,6.562058065927645,12
gmdcsa24_external_le2i_v1,tcnte/confidence_noise/0.2,video_tp,127.75,2.137330535547045,12
gmdcsa24_external_le2i_v1,tcnte/confidence_noise/0.2,window_accuracy,0.8128787878787879,0.05714772829937489,12
gmdcsa24_external_le2i_v1,tcnte/confidence_noise/0.2,window_auroc,0.8495809717703032,0.02432954759374446,12
gmdcsa24_external_le2i_v1,tcnte/confidence_noise/0.2,window_f1,0.4607826759473892,0.06508249674271621,12
gmdcsa24_external_le2i_v1,tcnte/confidence_noise/0.2,window_fn,365.9166666666667,100.10399895139358,12
gmdcsa24_external_le2i_v1,tcnte/confidence_noise/0.2,window_fp,2001.1666666666667,785.1954977564311,12
gmdcsa24_external_le2i_v1,tcnte/confidence_noise/0.2,window_loss,0.1027789576301334,0.03416699813245501,12
gmdcsa24_external_le2i_v1,tcnte/confidence_noise/0.2,window_precision,0.3455449874305862,0.07826891591382704,12
gmdcsa24_external_le2i_v1,tcnte/confidence_noise/0.2,window_recall,0.7265196811160937,0.07481614271404602,12
gmdcsa24_external_le2i_v1,tcnte/confidence_noise/0.2,window_specificity,0.8230934700612919,0.06941261472387122,12
gmdcsa24_external_le2i_v1,tcnte/confidence_noise/0.2,window_tn,9310.833333333334,785.1954977564311,12
gmdcsa24_external_le2i_v1,tcnte/confidence_noise/0.2,window_tp,972.0833333333334,100.10399895139358,12
gmdcsa24_external_le2i_v1,tcnte/confidence_noise/0.3,detected_events,126.83333333333333,3.010084062049773,12
gmdcsa24_external_le2i_v1,tcnte/confidence_noise/0.3,event_recall,0.9756410256410256,0.02315449278499825,12
gmdcsa24_external_le2i_v1,tcnte/confidence_noise/0.3,false_alarms,290.9166666666667,74.00056306092091,12
gmdcsa24_external_le2i_v1,tcnte/confidence_noise/0.3,false_alarms_per_hour,381.16902023584197,96.95808233342376,12
gmdcsa24_external_le2i_v1,tcnte/confidence_noise/0.3,mean_detection_delay_seconds,-0.010179448567456131,0.31033145002829526,12
gmdcsa24_external_le2i_v1,tcnte/confidence_noise/0.3,severity,0.3,0.0,12
gmdcsa24_external_le2i_v1,tcnte/confidence_noise/0.3,total_events,130.0,0.0,12
gmdcsa24_external_le2i_v1,tcnte/confidence_noise/0.3,video_accuracy,0.712280701754386,0.028769206701959163,12
gmdcsa24_external_le2i_v1,tcnte/confidence_noise/0.3,video_auroc,0.8141132478632478,0.053378994101952154,12
gmdcsa24_external_le2i_v1,tcnte/confidence_noise/0.3,video_f1,0.8240912206527152,0.014231187269230365,12
gmdcsa24_external_le2i_v1,tcnte/confidence_noise/0.3,video_fn,2.1666666666666665,2.4802248187442912,12
gmdcsa24_external_le2i_v1,tcnte/confidence_noise/0.3,video_fp,52.5,6.6263935069606985,12
gmdcsa24_external_le2i_v1,tcnte/confidence_noise/0.3,video_precision,0.7098471469955182,0.024581894062899675,12
gmdcsa24_external_le2i_v1,tcnte/confidence_noise/0.3,video_recall,0.9833333333333334,0.019078652451879164,12
gmdcsa24_external_le2i_v1,tcnte/confidence_noise/0.3,video_specificity,0.125,0.11043989178267831,12
gmdcsa24_external_le2i_v1,tcnte/confidence_noise/0.3,video_tn,7.5,6.6263935069606985,12
gmdcsa24_external_le2i_v1,tcnte/confidence_noise/0.3,video_tp,127.83333333333333,2.4802248187442912,12
gmdcsa24_external_le2i_v1,tcnte/confidence_noise/0.3,window_accuracy,0.7893544137022398,0.07578096927212846,12
gmdcsa24_external_le2i_v1,tcnte/confidence_noise/0.3,window_auroc,0.8412093183713791,0.024133337766258086,12
gmdcsa24_external_le2i_v1,tcnte/confidence_noise/0.3,window_f1,0.43690394501522284,0.06933032892149023,12
gmdcsa24_external_le2i_v1,tcnte/confidence_noise/0.3,window_fn,360.0833333333333,109.743882275823,12
gmdcsa24_external_le2i_v1,tcnte/confidence_noise/0.3,window_fp,2304.5833333333335,1040.1899702662126,12
gmdcsa24_external_le2i_v1,tcnte/confidence_noise/0.3,window_loss,0.11341245435691182,0.044070339838129254,12
gmdcsa24_external_le2i_v1,tcnte/confidence_noise/0.3,window_precision,0.321245446937868,0.08074682535703727,12
gmdcsa24_external_le2i_v1,tcnte/confidence_noise/0.3,window_recall,0.7308794220229198,0.08202083877116816,12
gmdcsa24_external_le2i_v1,tcnte/confidence_noise/0.3,window_specificity,0.7962709217350307,0.09195455889906406,12
gmdcsa24_external_le2i_v1,tcnte/confidence_noise/0.3,window_tn,9007.416666666666,1040.1899702662126,12
gmdcsa24_external_le2i_v1,tcnte/confidence_noise/0.3,window_tp,977.9166666666666,109.743882275823,12
gmdcsa24_external_le2i_v1,tcnte/lower_body_missing/1.0,detected_events,126.41666666666667,12.413030787576954,12
gmdcsa24_external_le2i_v1,tcnte/lower_body_missing/1.0,event_recall,0.9724358974358974,0.09548485221213043,12
gmdcsa24_external_le2i_v1,tcnte/lower_body_missing/1.0,false_alarms,71.16666666666667,27.034769980134616,12
gmdcsa24_external_le2i_v1,tcnte/lower_body_missing/1.0,false_alarms_per_hour,93.24501383025179,35.42188525567206,12
gmdcsa24_external_le2i_v1,tcnte/lower_body_missing/1.0,mean_detection_delay_seconds,-6.6996979074565255,2.1280902395917116,12
gmdcsa24_external_le2i_v1,tcnte/lower_body_missing/1.0,severity,1.0,0.0,12
gmdcsa24_external_le2i_v1,tcnte/lower_body_missing/1.0,total_events,130.0,0.0,12
gmdcsa24_external_le2i_v1,tcnte/lower_body_missing/1.0,video_accuracy,0.6763157894736842,0.0273481706458244,12
gmdcsa24_external_le2i_v1,tcnte/lower_body_missing/1.0,video_auroc,0.4699679487179487,0.04131895891028042,12
gmdcsa24_external_le2i_v1,tcnte/lower_body_missing/1.0,video_f1,0.8047437050359714,0.02686859391237696,12
gmdcsa24_external_le2i_v1,tcnte/lower_body_missing/1.0,video_fn,2.5,8.660254037844387,12
gmdcsa24_external_le2i_v1,tcnte/lower_body_missing/1.0,video_fp,59.0,3.4641016151377544,12
gmdcsa24_external_le2i_v1,tcnte/lower_body_missing/1.0,video_precision,0.6834992887624467,0.0024637991572814856,12
gmdcsa24_external_le2i_v1,tcnte/lower_body_missing/1.0,video_recall,0.9807692307692307,0.06661733875264911,12
gmdcsa24_external_le2i_v1,tcnte/lower_body_missing/1.0,video_specificity,0.016666666666666666,0.05773502691896258,12
gmdcsa24_external_le2i_v1,tcnte/lower_body_missing/1.0,video_tn,1.0,3.4641016151377544,12
gmdcsa24_external_le2i_v1,tcnte/lower_body_missing/1.0,video_tp,127.5,8.660254037844387,12
gmdcsa24_external_le2i_v1,tcnte/lower_body_missing/1.0,window_accuracy,0.21822793148880104,0.18288143688685163,12
gmdcsa24_external_le2i_v1,tcnte/lower_body_missing/1.0,window_auroc,0.6207272788257365,0.07103347059428496,12
gmdcsa24_external_le2i_v1,tcnte/lower_body_missing/1.0,window_f1,0.20659996578901407,0.018711565182555696,12
gmdcsa24_external_le2i_v1,tcnte/lower_body_missing/1.0,window_fn,80.83333333333333,250.7428357839356,12
gmdcsa24_external_le2i_v1,tcnte/lower_body_missing/1.0,window_fp,9808.583333333334,2564.1893441055095,12
gmdcsa24_external_le2i_v1,tcnte/lower_body_missing/1.0,window_loss,1.7033625306476678,0.9373698027174042,12
gmdcsa24_external_le2i_v1,tcnte/lower_body_missing/1.0,window_precision,0.12065667607547399,0.030225862483266634,12
gmdcsa24_external_le2i_v1,tcnte/lower_body_missing/1.0,window_recall,0.9395864474339811,0.18740122255899522,12
gmdcsa24_external_le2i_v1,tcnte/lower_body_missing/1.0,window_specificity,0.13290458510136727,0.22667869024977982,12
gmdcsa24_external_le2i_v1,tcnte/lower_body_missing/1.0,window_tn,1503.4166666666667,2564.1893441055095,12
gmdcsa24_external_le2i_v1,tcnte/lower_body_missing/1.0,window_tp,1257.1666666666667,250.7428357839356,12
